id,都道府県,市町村,画像URL,弾数,
01-001-A001,北海道,上ノ国町,http://www.gk-p.jp/wp-content/uploads/mhc/01-362-A-01.jpg,第13弾,
01-002-A001,北海道,上士幌町,http://www.gk-p.jp/wp-content/uploads/mhc/01-633-A-01.jpg,第27弾,
01-003-A001,北海道,上富良野町,http://www.gk-p.jp/wp-content/uploads/mhc/01-460-A-01.jpg,第15弾,
01-004-A001,北海道,函館市,http://www.gk-p.jp/wp-content/uploads/mhc/01-202-A-01.jpg,第3弾,
01-005-A001,北海道,別海町,http://www.gk-p.jp/wp-content/uploads/mhc/01-691-A-01.jpg,第11弾,
01-006-A001,北海道,利尻町,http://www.gk-p.jp/wp-content/uploads/mhc/01-518-A-01.jpg,第12弾,
01-007-A001,北海道,剣淵町,http://www.gk-p.jp/wp-content/uploads/mhc/01-465-A-01.jpg,第5弾,
01-008-A001,北海道,北広島市 (A001),http://www.gk-p.jp/wp-content/uploads/mhc/01-234-A-01.jpg,第06弾,
01-008-B001,北海道,北広島市 (B001),http://www.gk-p.jp/wp-content/uploads/mhc/01-234-B-01.jpg,第21弾,
01-009-A001,北海道,北斗市,http://www.gk-p.jp/wp-content/uploads/mhc/01-236-A-01.jpg,第08弾,
01-010-A001,北海道,北見市 (A001),http://www.gk-p.jp/wp-content/uploads/mhc/01-208-A-01.jpg,第02弾,
01-010-B001,北海道,北見市 (B001),http://www.gk-p.jp/wp-content/uploads/mhc/01-208-B-01.jpg,第10弾,
01-011-A001,北海道,千歳市,http://www.gk-p.jp/wp-content/uploads/mhc/01-224-A-01.jpg,第18弾,
01-012-A001,北海道,南富良野町,http://www.gk-p.jp/wp-content/uploads/mhc/01-462-A-01.jpg,第12弾,
01-013-A001,北海道,古平町,http://www.gk-p.jp/wp-content/uploads/mhc/01-406-A-01.jpg,第10弾,
01-014-A001,北海道,名寄市 (A001),http://www.gk-p.jp/wp-content/uploads/mhc/01-221-A-01.jpg,第10弾,
01-014-B001,北海道,名寄市 (B001),http://www.gk-p.jp/wp-content/uploads/mhc/01-221-B-01.jpg,第12弾,
01-015-A001,北海道,和寒町,http://www.gk-p.jp/wp-content/uploads/mhc/01-464-A-01.jpg,第5弾,
01-016-A001,北海道,士別市,http://www.gk-p.jp/wp-content/uploads/mhc/01-220-A-01.jpg,第23弾,
01-017-A001,北海道,天塩町 (A001),http://www.gk-p.jp/wp-content/uploads/mhc/01-487-A-01.jpg,第09弾,
01-017-B001,北海道,天塩町 (B001),http://www.gk-p.jp/wp-content/uploads/mhc/01-487-B01.jpg,第17弾,
01-017-C001,北海道,天塩町 (C001),http://www.gk-p.jp/wp-content/uploads/mhc/01-487-C-01.jpg,第22弾,
01-018-A001,北海道,奈井江町,http://www.gk-p.jp/wp-content/uploads/mhc/01-424-A-01.jpg,第6弾,
01-019-A001,北海道,安平町,http://www.gk-p.jp/wp-content/uploads/mhc/01-585-A-01.jpg,第14弾,
01-020-A001,北海道,室蘭市,http://www.gk-p.jp/wp-content/uploads/mhc/01-205-A-01.jpg,第8弾,
01-021-A001,北海道,富良野市 (A001),http://www.gk-p.jp/wp-content/uploads/mhc/01-229-A-01.jpg,第11弾,
01-021-B001,北海道,富良野市 (B001),http://www.gk-p.jp/wp-content/uploads/mhc/01-229-B-01,第29弾,01-229-B
01-022-A001,北海道,小樽市,http://www.gk-p.jp/wp-content/uploads/mhc/01-203-A-02.jpg,第6弾,
01-023-A001,北海道,岩内町,http://www.gk-p.jp/wp-content/uploads/mhc/01-402-A-01.jpg,第6弾,
01-024-A001,北海道,帯広市,http://www.gk-p.jp/wp-content/uploads/mhc/01-207-A-01.jpg,第11弾,
01-025-A001,北海道,幌延町 (A001),http://www.gk-p.jp/wp-content/uploads/mhc/01-520-A-01.jpg,第28弾,
01-026-A001,北海道,当別町,http://www.gk-p.jp/wp-content/uploads/mhc/01-303-A-01.jpg,第10弾,
01-027-A001,北海道,当麻町,http://www.gk-p.jp/wp-content/uploads/mhc/01-454-A-01.jpg,第18弾,
01-028-A001,北海道,恵庭市 (A001),http://www.gk-p.jp/wp-content/uploads/mhc/01-231-A-01.jpg,第5弾,
01-028-B001,北海道,恵庭市 (B001),http://www.gk-p.jp/wp-content/uploads/mhc/01-231-B-01.jpg,第13弾,
01-028-C001,北海道,恵庭市 (C001),http://www.gk-p.jp/wp-content/uploads/mhc/01-231-C-01.jpg,第21弾,
01-029-A001,北海道,斜里町,http://www.gk-p.jp/wp-content/uploads/mhc/01-545-A01.jpg,第17弾,
01-030-A001,北海道,新得町 (A001),http://www.gk-p.jp/wp-content/uploads/mhc/01-635-A-01.jpg,第25弾,
01-030-B001,北海道,新得町 (B001),http://www.gk-p.jp/wp-content/uploads/mhc/01-635-B-01.jpg,第28弾,
01-031-A001,北海道,旭川市 (A001),http://www.gk-p.jp/wp-content/uploads/mhc/01-204-A-01.jpg,第04弾,
01-031-B001,北海道,旭川市 (B001),http://www.gk-p.jp/wp-content/uploads/mhc/01-204-B-01.jpg,第23弾,
01-032-A001,北海道,木古内町,http://www.gk-p.jp/wp-content/uploads/mhc/01-334-A-01.jpg,第2弾,
01-033-A001,北海道,札幌市 (A001),http://www.gk-p.jp/wp-content/uploads/mhc/01-100-A-01.jpg,第01弾,
01-033-B001,北海道,札幌市 (B001),http://www.gk-p.jp/wp-content/uploads/mhc/01-100-B-01.jpg,第09弾,
01-033-C001,北海道,札幌市 (C001),http://www.gk-p.jp/wp-content/uploads/mhc/01-100-C-01.jpg,第20弾,
01-034-A001,北海道,東神楽町,http://www.gk-p.jp/wp-content/uploads/mhc/01-453-A-01.jpg,第11弾,
01-035-A001,北海道,標津町 (A001),http://www.gk-p.jp/wp-content/uploads/mhc/01-693-A-01.jpg,第29弾,01-693-A
01-036-A001,北海道,江別市 (A001),http://www.gk-p.jp/wp-content/uploads/mhc/01-217-A-01.jpg,第5弾,
01-036-B001,北海道,江別市 (B001),http://www.gk-p.jp/wp-content/uploads/mhc/01-217-B-01.jpg,第28弾,
01-037-A001,北海道,浦河町,http://www.gk-p.jp/wp-content/uploads/mhc/01-607-A-01.jpg,第10弾,
01-038-A001,北海道,深川市,http://www.gk-p.jp/wp-content/uploads/mhc/01-228-A01.jpg,第16弾,
01-039-A001,北海道,滝上町,http://www.gk-p.jp/wp-content/uploads/mhc/01-560-A-01.jpg,第22弾,
01-040-A001,北海道,滝川市,http://www.gk-p.jp/wp-content/uploads/mhc/01-225-A-01.jpg,第11弾,
01-041-A001,北海道,留萌市,http://www.gk-p.jp/wp-content/uploads/mhc/01-212-A01.jpg,第13弾,
01-042-A001,北海道,登別市,http://www.gk-p.jp/wp-content/uploads/mhc/01-230-A-01.jpg,第8弾,
01-043-A001,北海道,石狩市 (A001),http://www.gk-p.jp/wp-content/uploads/mhc/01-235-A-01.jpg,第06弾,
01-043-B001,北海道,石狩市 (B001),http://www.gk-p.jp/wp-content/uploads/mhc/01-235-B-01.jpg,第25弾,
01-044-A001,北海道,砂川市,http://www.gk-p.jp/wp-content/uploads/mhc/01-226-A-01.jpg,第8弾,
01-045-A001,北海道,稚内市 (A001),http://www.gk-p.jp/wp-content/uploads/mhc/01-214-A-01.jpg,第04弾,
01-045-B001,北海道,稚内市 (B001),http://www.gk-p.jp/wp-content/uploads/mhc/01-214-B01.jpg,第17弾,
01-046-A001,北海道,紋別市,http://www.gk-p.jp/wp-content/uploads/mhc/01-219-A-01.jpg,第3弾,
01-047-A001,北海道,美唄市 (A001),"http://www.gk-p.jp/wp-content/uploads/mhc/01-215-A-01.jpg
",第29弾,01-215-A
01-048-A001,北海道,芦別市,http://www.gk-p.jp/wp-content/uploads/mhc/01-216-A-01.jpg,第5弾,
01-049-A001,北海道,苫小牧市,http://www.gk-p.jp/wp-content/uploads/mhc/01-213-A-01.jpg,第4弾,
01-050-A001,北海道,豊富町 (A001),http://www.gk-p.jp/wp-content/uploads/mhc/01-516-A-01.jpg,第8弾,
01-050-B001,北海道,豊富町 (B001),http://www.gk-p.jp/wp-content/uploads/mhc/01-516-B-01.jpg,第12弾,
01-050-C001,北海道,豊富町 (C001),http://www.gk-p.jp/wp-content/uploads/mhc/01-516-C-01.jpg,第14弾,
01-050-D001,北海道,豊富町 (D001),http://www.gk-p.jp/wp-content/uploads/mhc/01-516-D01.jpg,第17弾,
01-051-A001,北海道,赤平市,http://www.gk-p.jp/wp-content/uploads/mhc/01-218-A01.jpg,第10弾,
01-052-A001,北海道,足寄町 (A001),http://www.gk-p.jp/wp-content/uploads/mhc/01-647-A-01.jpg,第10弾,
01-052-B001,北海道,足寄町 (B001),http://www.gk-p.jp/wp-content/uploads/mhc/01-647-B-01.jpg,第18弾,
01-053-A001,北海道,遠軽町,http://www.gk-p.jp/wp-content/uploads/mhc/01-555-A-01.jpg,第23弾,
01-054-A001,北海道,釧路市 (A001),http://www.gk-p.jp/wp-content/uploads/mhc/01-206-A-01.jpg,第07弾,
01-054-B001,北海道,釧路市 (B001),http://www.gk-p.jp/wp-content/uploads/mhc/01-206-B-01.jpg,第11弾,
01-054-C001,北海道,釧路市 (C001),http://www.gk-p.jp/wp-content/uploads/mhc/01-206-C-01.jpg,第22弾,
01-055-A001,北海道,陸別町,http://www.gk-p.jp/wp-content/uploads/mhc/01-648-A-01.jpg,第7弾,
01-056-A001,北海道,雄武町,http://www.gk-p.jp/wp-content/uploads/mhc/01-563-A-01.jpg,第18弾,
01-057-A001,北海道,音更町,http://www.gk-p.jp/wp-content/uploads/mhc/01-631-A-01.jpg,第11弾,
01-058-A001,北海道,鹿追町 (A001),http://www.gk-p.jp/wp-content/uploads/mhc/01-634-A-01.jpg,第29弾,01-634-A
02-059-A001,青森県,むつ市,http://www.gk-p.jp/wp-content/uploads/mhc/02-208-A-01.jpg,第23弾,
02-060-A001,青森県,三戸町,http://www.gk-p.jp/wp-content/uploads/mhc/02-441-A01.jpg,第17弾,
02-061-A001,青森県,三沢市,http://www.gk-p.jp/wp-content/uploads/mhc/02-207-A-01.jpg,第11弾,
02-062-A001,青森県,五所川原市,http://www.gk-p.jp/wp-content/uploads/mhc/02-205-A-01.jpg,第11弾,
02-063-A001,青森県,十和田市,http://www.gk-p.jp/wp-content/uploads/mhc/02-206-A-01.jpg,第9弾,
02-064-A001,青森県,南部町 (A001),http://www.gk-p.jp/wp-content/uploads/mhc/02-445-A-01.jpg,第21弾,
02-064-B001,青森県,南部町 (B001),http://www.gk-p.jp/wp-content/uploads/mhc/02-445-B-01.jpg,第25弾,
02-065-A001,青森県,平川市 (A001),http://www.gk-p.jp/wp-content/uploads/mhc/02-210-A-01.jpg,第29弾,02-210-A
02-066-A001,青森県,弘前市,http://www.gk-p.jp/wp-content/uploads/mhc/02-202-A-01.jpg,第9弾,
02-067-A001,青森県,青森市,http://www.gk-p.jp/wp-content/uploads/mhc/02-201-A-01.jpg,第5弾,
03-068-A001,岩手県,久慈市,http://www.gk-p.jp/wp-content/uploads/mhc/03-207-A-01.jpg,第8弾,
03-069-A001,岩手県,九戸村,http://www.gk-p.jp/wp-content/uploads/mhc/03-506-A-01.jpg,第6弾,
03-070-A001,岩手県,二戸市,http://www.gk-p.jp/wp-content/uploads/mhc/03-213-A01.jpg,第17弾,
03-071-A001,岩手県,住田町 (A001),http://www.gk-p.jp/wp-content/uploads/mhc/03-441-A-01.jpg,第29弾,03-441-A
03-072-A001,岩手県,北上市,http://www.gk-p.jp/wp-content/uploads/mhc/03-206-A-01.jpg,第22弾,
03-073-A001,岩手県,宮古市 (A001),http://www.gk-p.jp/wp-content/uploads/mhc/03-202-A-01.jpg,第13弾,
03-073-B001,岩手県,宮古市 (B001),http://www.gk-p.jp/wp-content/uploads/mhc/03-202-B-01.jpg,第15弾,
03-073-C001,岩手県,宮古市 (C001),http://www.gk-p.jp/wp-content/uploads/mhc/03-202-C-01.jpg,第27弾,
03-074-A001,岩手県,山田町,http://www.gk-p.jp/wp-content/uploads/mhc/03-482-A-01.jpg,第22弾,
03-075-流域下水道,岩手県,岩手県 (流域下水道),http://www.gk-p.jp/wp-content/uploads/mhc/03-000-A-02.jpg,第10弾,
03-076-A001,岩手県,滝沢市 (A001),http://www.gk-p.jp/wp-content/uploads/mhc/03-216-A01.jpg,第17弾,
03-076-B001,岩手県,滝沢市 (B001),http://www.gk-p.jp/wp-content/uploads/mhc/03-216-B-01.jpg,第26弾,
03-077-A001,岩手県,盛岡市 (A001),http://www.gk-p.jp/wp-content/uploads/mhc/03-201-A-01.jpg,第12弾,
03-077-B001,岩手県,盛岡市 (B001),http://www.gk-p.jp/wp-content/uploads/mhc/03-201-B-01.jpg,第23弾,
03-077-C001,岩手県,盛岡市 (C001),http://www.gk-p.jp/wp-content/uploads/mhc/03-201-C-01.jpg,第28弾,
03-078-A001,岩手県,花巻市 (A001),http://www.gk-p.jp/wp-content/uploads/mhc/03-205-A-01.jpg,第3弾,
03-078-B001,岩手県,花巻市 (B001),http://www.gk-p.jp/wp-content/uploads/mhc/03-205-B-01.jpg,第8弾,
03-078-C001,岩手県,花巻市 (C001),http://www.gk-p.jp/wp-content/uploads/mhc/03-205-C-01.jpg,第9弾,
03-078-D001,岩手県,花巻市(D001),http://www.gk-p.jp/wp-content/uploads/mhc/03-205-D-01.jpg,第11弾,
03-079-A001,岩手県,遠野市,http://www.gk-p.jp/wp-content/uploads/mhc/03-208-A-01.jpg,第14弾,
03-080-A001,岩手県,釜石市 (A001),http://www.gk-p.jp/wp-content/uploads/mhc/03-211-A-01.jpg,第06弾,
03-080-B001,岩手県,釜石市 (B001),http://www.gk-p.jp/wp-content/uploads/mhc/03-211-B-01.jpg,第10弾,
03-080-C001,岩手県,釜石市(C001),http://www.gk-p.jp/wp-content/uploads/mhc/03-211-C-01.jpg,第12弾,
03-081-A001,岩手県,陸前高田市 (A001),http://www.gk-p.jp/wp-content/uploads/mhc/03-210-A-01.jpg,第24弾,
03-081-B001,岩手県,陸前高田市 (B001),http://www.gk-p.jp/wp-content/uploads/mhc/03-210-B-01.jpg,第27弾,
04-082-A001,宮城県,七ヶ浜町 (A001),http://www.gk-p.jp/wp-content/uploads/mhc/04-404-A-01.jpg,第09弾,
04-082-B001,宮城県,七ヶ浜町 (B001),http://www.gk-p.jp/wp-content/uploads/mhc/04-404-B-01.jpg,第27弾,
04-083-A001,宮城県,亘理町,http://www.gk-p.jp/wp-content/uploads/mhc/04-361-A01.jpg,第16弾,
04-084-A001,宮城県,仙台市,http://www.gk-p.jp/wp-content/uploads/mhc/04-100-A-01.jpg,第8弾,
04-085-A001,宮城県,利府町 (A001),http://www.gk-p.jp/wp-content/uploads/mhc/04-406-A-01.jpg,第14弾,
04-085-B001,宮城県,利府町 (B001),http://www.gk-p.jp/wp-content/uploads/mhc/04-406-B-01.jpg,第28弾,
04-086-A001,宮城県,名取市 (A001),http://www.gk-p.jp/wp-content/uploads/mhc/04-207-A-01.jpg,第08弾,
04-086-B001,宮城県,名取市 (B001),http://www.gk-p.jp/wp-content/uploads/mhc/04-207-B-01.jpg,第23弾,
04-086-C001,宮城県,名取市 (C001),http://www.gk-p.jp/wp-content/uploads/mhc/04-207-C-01.jpg,第26弾,
04-087-A001,宮城県,多賀城市 (A001),http://www.gk-p.jp/wp-content/uploads/mhc/04-209-A-01.jpg,第07弾,
04-087-B001,宮城県,多賀城市 (B001),http://www.gk-p.jp/wp-content/uploads/mhc/04-209-B-01.jpg,第08弾,
04-087-C001,宮城県,多賀城市 (C001),http://www.gk-p.jp/wp-content/uploads/mhc/04-209-C-01.jpg,第22弾,
04-088-A001,宮城県,大和町,http://www.gk-p.jp/wp-content/uploads/mhc/04-421-A-01.jpg,第13弾,
04-089-A001,宮城県,大河原町,http://www.gk-p.jp/wp-content/uploads/mhc/04-321-A-01.jpg,第7弾,
04-090-A001,宮城県,大衡村 (A001),http://www.gk-p.jp/wp-content/uploads/mhc/04-424-A-01.jpg,第05弾,
04-090-B001,宮城県,大衡村 (B001),http://www.gk-p.jp/wp-content/uploads/mhc/04-424-B-01.jpg,第24弾,
04-091-A001,宮城県,大郷町,http://www.gk-p.jp/wp-content/uploads/mhc/04-422-A-01.jpg,第25弾,
04-092-A001,宮城県,女川町,http://www.gk-p.jp/wp-content/uploads/mhc/04-581-A-01.jpg,第9弾,
04-093-流域下水道) (A001,宮城県,宮城県 (流域下水道) (A001),http://www.gk-p.jp/wp-content/uploads/mhc/04-000-A01.jpg,第10弾,
04-093-流域下水道) (B001,宮城県,宮城県 (流域下水道) (B001),http://www.gk-p.jp/wp-content/uploads/mhc/04-000-B-01.jpg,第14弾,
04-093-流域下水道) (C001,宮城県,宮城県 (流域下水道) (C001),http://www.gk-p.jp/wp-content/uploads/mhc/04-000-C-01.jpg,第18弾,
04-093-流域下水道) (D001,宮城県,宮城県 (流域下水道) (D001),http://www.gk-p.jp/wp-content/uploads/mhc/04-000-D-01.jpg,第26弾,
04-094-A001,宮城県,富谷市,http://www.gk-p.jp/wp-content/uploads/mhc/04-216-A-01.jpg,第22弾,
04-095-A001,宮城県,東松島市 (A001),http://www.gk-p.jp/wp-content/uploads/mhc/04-214-A-01.jpg,第04弾,
04-095-B001,宮城県,東松島市 (B001),http://www.gk-p.jp/wp-content/uploads/mhc/04-214-B-01.jpg,第09弾,
04-095-C001,宮城県,東松島市 (C001),http://www.gk-p.jp/wp-content/uploads/mhc/04-214-C-01.jpg,第21弾,
04-096-A001,宮城県,涌谷町,http://www.gk-p.jp/wp-content/uploads/mhc/04-501-A-01.jpg,第3弾,
04-097-A001,宮城県,白石市,http://www.gk-p.jp/wp-content/uploads/mhc/04-206-A-01.jpg,第6弾,
04-098-A001,宮城県,石巻市 (A001),http://www.gk-p.jp/wp-content/uploads/mhc/04-202-A-01.jpg,第10弾,
04-098-B001,宮城県,石巻市 (B001),http://www.gk-p.jp/wp-content/uploads/mhc/04-202-B-01.jpg,第28弾,
05-099-A001,秋田県,大仙市,http://www.gk-p.jp/wp-content/uploads/mhc/05-212-A-01.jpg,第13弾,
05-100-A001,秋田県,横手市,http://www.gk-p.jp/wp-content/uploads/mhc/05-203-A-01.jpg,第22弾,
05-101-A001,秋田県,潟上市,http://www.gk-p.jp/wp-content/uploads/mhc/05-211-A-01.jpg,第27弾,
05-102-A001,秋田県,男鹿市,http://www.gk-p.jp/wp-content/uploads/mhc/05-206-A01.jpg,第12弾,
05-103-A001,秋田県,秋田市 (A001),http://www.gk-p.jp/wp-content/uploads/mhc/05-201-A-01.jpg,第1弾,
05-103-B001,秋田県,秋田市 (B001),http://www.gk-p.jp/wp-content/uploads/mhc/05-201-B-01.jpg,第8弾,
05-104-A001,秋田県,能代市,http://www.gk-p.jp/wp-content/uploads/mhc/05-202-A-01.jpg,第11弾,
06-105-A001,山形県,上山市,http://www.gk-p.jp/wp-content/uploads/mhc/06-207-A-01.jpg,第04弾,
06-106-A001,山形県,南陽市,http://www.gk-p.jp/wp-content/uploads/mhc/06-213-A-01.jpg,第4弾,
06-107-A001,山形県,天童市 (A001),http://www.gk-p.jp/wp-content/uploads/mhc/06-210-A-01.jpg,第3弾,
06-107-B001,山形県,天童市 (B001),http://www.gk-p.jp/wp-content/uploads/mhc/06-210-B-01.jpg,第29弾,06-210-B
06-108-A001,山形県,寒河江市,http://www.gk-p.jp/wp-content/uploads/mhc/06-206-A-01.jpg,第5弾,
06-109-A001,山形県,山形市 (A001),http://www.gk-p.jp/wp-content/uploads/mhc/06-201-A-01.jpg,第22弾,
06-109-B001,山形県,山形市 (B001),http://www.gk-p.jp/wp-content/uploads/mhc/06-201-B-01.jpg,第25弾,
06-110-流域下水道,山形県,山形県 (流域下水道),http://www.gk-p.jp/wp-content/uploads/mhc/06-000-A-01.jpg,第6弾,
06-111-A001,山形県,新庄市,http://www.gk-p.jp/wp-content/uploads/mhc/06-205-A-01.jpg,第11弾,
06-112-A001,山形県,東根市,http://www.gk-p.jp/wp-content/uploads/mhc/06-211-A-01.jpg,第8弾,
06-113-A001,山形県,河北町,http://www.gk-p.jp/wp-content/uploads/mhc/06-321-A-01.jpg,第9弾,
06-114-A001,山形県,米沢市,http://www.gk-p.jp/wp-content/uploads/mhc/06-202-A-01.jpg,第27弾,
06-115-A001,山形県,舟形町,http://www.gk-p.jp/wp-content/uploads/mhc/06-363-A-01.jpg,第8弾,
06-116-A001,山形県,酒田市,http://www.gk-p.jp/wp-content/uploads/mhc/06-204-A01.jpg,第17弾,
06-117-A001,山形県,鶴岡市 (A001),http://www.gk-p.jp/wp-content/uploads/mhc/06-203-A-01.jpg,第01弾,
06-117-B001,山形県,鶴岡市 (B001),http://www.gk-p.jp/wp-content/uploads/mhc/06-203-B-01.jpg,第10弾,
07-118-A001,福島県,いわき市 (A001),http://www.gk-p.jp/wp-content/uploads/mhc/07-204-A-01.jpg,第05弾,
07-118-B001,福島県,いわき市 (B001),http://www.gk-p.jp/wp-content/uploads/mhc/07-204-A01.jpg,第17弾,
07-118-C001,福島県,いわき市 (C001),http://www.gk-p.jp/wp-content/uploads/mhc/07-204-C-01.jpg,第19弾,
07-118-D001,福島県,いわき市 (D001),http://www.gk-p.jp/wp-content/uploads/mhc/07-204-D-01.jpg,第25弾,
07-118-E001,福島県,いわき市 (E001),http://www.gk-p.jp/wp-content/uploads/mhc/07-204-E-01.jpg,第28弾,
07-119-A001,福島県,三春町,http://www.gk-p.jp/wp-content/uploads/mhc/07-521-A-01.jpg,第18弾,
07-120-A001,福島県,二本松市,http://www.gk-p.jp/wp-content/uploads/mhc/07-210-A-01.jpg,第5弾,
07-121-A001,福島県,伊達市,http://www.gk-p.jp/wp-content/uploads/mhc/07-213-A-01.jpg,第21弾,
07-122-A001,福島県,会津坂下町,http://www.gk-p.jp/wp-content/uploads/mhc/07-421-A-01.jpg,第7弾,
07-123-A001,福島県,会津若松市,http://www.gk-p.jp/wp-content/uploads/mhc/07-202-A-01.jpg,第2弾,
07-124-A001,福島県,南相馬市,http://www.gk-p.jp/wp-content/uploads/mhc/07-212-A-01.jpg,第6弾,
07-125-A001,福島県,喜多方市,http://www.gk-p.jp/wp-content/uploads/mhc/07-208-A-01.jpg,第11弾,
07-126-A001,福島県,国見町,http://www.gk-p.jp/wp-content/uploads/mhc/07-303-A-01.jpg,第24弾,
07-127-A001,福島県,富岡町,http://www.gk-p.jp/wp-content/uploads/mhc/07-543-A01.jpg,第16弾,
07-128-A001,福島県,川内村,http://www.gk-p.jp/wp-content/uploads/mhc/07-544-A01.jpg,第17弾,
07-129-A001,福島県,本宮市 (A001),http://www.gk-p.jp/wp-content/uploads/mhc/07-214-A-01.jpg,第08弾,
07-129-B001,福島県,本宮市 (B001),http://www.gk-p.jp/wp-content/uploads/mhc/07-214-B-01.jpg,第26弾,
07-130-A001,福島県,桑折町,http://www.gk-p.jp/wp-content/uploads/mhc/07-301-A-01.jpg,第5弾,
07-131-A001,福島県,棚倉町,http://www.gk-p.jp/wp-content/uploads/mhc/07-481-A-01.jpg,第20弾,
07-132-A001,福島県,楢葉町,http://www.gk-p.jp/wp-content/uploads/mhc/07-542-A01.jpg,第17弾,
07-133-A001,福島県,浅川町 (A001),http://www.gk-p.jp/wp-content/uploads/mhc/07-504-A-01.jpg,第28弾,
07-134-A001,福島県,湯川村 (A001),http://www.gk-p.jp/wp-content/uploads/mhc/07-422-A-01.jpg,第07弾,
07-134-B001,福島県,湯川村 (B001),http://www.gk-p.jp/wp-content/uploads/mhc/07-422-B-01.jpg,第14弾,
07-135-A001,福島県,猪苗代町,http://www.gk-p.jp/wp-content/uploads/mhc/07-408-A-01.jpg,第8弾,
07-136-A001,福島県,田村市,http://www.gk-p.jp/wp-content/uploads/mhc/07-211-A-01.jpg,第7弾,
07-137-A001,福島県,白河市,http://www.gk-p.jp/wp-content/uploads/mhc/07-205-A-01.jpg,第4弾,
07-138-A001,福島県,相馬市,http://www.gk-p.jp/wp-content/uploads/mhc/07-209-A-01.jpg,第6弾,
07-139-A001,福島県,福島市 (A001),http://www.gk-p.jp/wp-content/uploads/mhc/07-201-A-01.jpg,第3弾,
07-139-B001,福島県,福島市 (B001),http://www.gk-p.jp/wp-content/uploads/mhc/07-201-B-01.jpg,第13弾,
07-140-流域下水道) (A001,福島県,福島県 (流域下水道) (A001),http://www.gk-p.jp/wp-content/uploads/mhc/07-000-A-01.jpg,第06弾,
07-141-B001,福島県,福島県 流域下水道 (B001),http://www.gk-p.jp/wp-content/uploads/mhc/07-000-B-01.jpg,第24弾,
07-142-A001,福島県,西郷村,http://www.gk-p.jp/wp-content/uploads/mhc/07-461-A-01.jpg,第7弾,
07-143-A001,福島県,郡山市 (A001),http://www.gk-p.jp/wp-content/uploads/mhc/07-203-A-01.jpg,第2弾,
07-143-B001,福島県,郡山市 (B001),http://www.gk-p.jp/wp-content/uploads/mhc/07-203-B-01.jpg,第2弾,
07-144-A001,福島県,須賀川市 (A001),http://www.gk-p.jp/wp-content/uploads/mhc/07-207-A-01.jpg,第10弾,
07-144-B001,福島県,須賀川市 (B001),http://www.gk-p.jp/wp-content/uploads/mhc/07-207-B-01.jpg,第23弾,
07-144-C001,福島県,須賀川市 (C001),http://www.gk-p.jp/wp-content/uploads/mhc/07-207-C-01.jpg,第26弾,
08-145-A001,茨城県,かすみがうら市,http://www.gk-p.jp/wp-content/uploads/mhc/08-230-A-01.jpg,第21弾,
08-146-A001,茨城県,つくば市 (A001),http://www.gk-p.jp/wp-content/uploads/mhc/08-220-A-01.jpg,第02弾,
08-146-B001,茨城県,つくば市 (B001),http://www.gk-p.jp/wp-content/uploads/mhc/08-220-B-01.jpg,第19弾,
08-147-A001,茨城県,下妻市,http://www.gk-p.jp/wp-content/uploads/mhc/08-210-A-01.jpg,第14弾,
08-148-A001,茨城県,五霞町,http://www.gk-p.jp/wp-content/uploads/mhc/08-542-A-01.jpg,第21弾,
08-149-A001,茨城県,北茨城市,http://www.gk-p.jp/wp-content/uploads/mhc/08-215-A-01.jpg,第11弾,
08-150-A001,茨城県,取手市,http://www.gk-p.jp/wp-content/uploads/mhc/08-217-A-01.jpg,第8弾,
08-151-A001,茨城県,古河市,http://www.gk-p.jp/wp-content/uploads/mhc/08-204-A-01.jpg,第23弾,
08-152-A001,茨城県,土浦市 (A001),http://www.gk-p.jp/wp-content/uploads/mhc/08-203-A-01.jpg,第07弾,
08-152-B001,茨城県,土浦市 (B001),http://www.gk-p.jp/wp-content/uploads/mhc/08-203-B-01.jpg,第20弾,
08-152-C001,茨城県,土浦市 (C001),http://www.gk-p.jp/wp-content/uploads/mhc/08-203-C-01.jpg,第21弾,
08-152-D001,茨城県,土浦市 (D001),http://www.gk-p.jp/wp-content/uploads/mhc/08-203-D-01.jpg,第22弾,
08-152-E001,茨城県,土浦市 (E001),http://www.gk-p.jp/wp-content/uploads/mhc/08-203-E-01.jpg,第23弾,
08-152-F001,茨城県,土浦市 (F001),http://www.gk-p.jp/wp-content/uploads/mhc/08-203-F-01.jpg,第24弾,
08-152-G001,茨城県,土浦市 (G001),http://www.gk-p.jp/wp-content/uploads/mhc/08-203-G-01.jpg,第25弾,
08-152-H001,茨城県,土浦市 (H001),http://www.gk-p.jp/wp-content/uploads/mhc/08-203-H-01.jpg,第26弾,
08-152-I001,茨城県,土浦市 (I001),http://www.gk-p.jp/wp-content/uploads/mhc/08-203-I-01.jpg,第27弾,
08-152-J001,茨城県,土浦市 (J001),http://www.gk-p.jp/wp-content/uploads/mhc/08-203-J-01.jpg,第29弾,08-203-J
08-153-A001,茨城県,大洗町,http://www.gk-p.jp/wp-content/uploads/mhc/08-309-A-01.jpg,第18弾,
08-154-A001,茨城県,守谷市,http://www.gk-p.jp/wp-content/uploads/mhc/08-224-A-01.jpg,第6弾,
08-155-A001,茨城県,常総市,http://www.gk-p.jp/wp-content/uploads/mhc/08-211-A-01.jpg,第6弾,
08-156-A001,茨城県,常陸大宮市,http://www.gk-p.jp/wp-content/uploads/mhc/08-225-A-01.jpg,第18弾,
08-157-A001,茨城県,常陸太田市,http://www.gk-p.jp/wp-content/uploads/mhc/08-212-A-01.jpg,第12弾,
08-158-A001,茨城県,日立市,http://www.gk-p.jp/wp-content/uploads/mhc/08-202-A-01.jpg,第10弾,
08-159-A001,茨城県,桜川市 (A001),http://www.gk-p.jp/wp-content/uploads/mhc/08-231-A-01.jpg,第11弾,
08-159-B001,茨城県,桜川市 (B001),http://www.gk-p.jp/wp-content/uploads/mhc/08-231-B-01.jpg,第24弾,
08-160-A001,茨城県,水戸市 (A001),http://www.gk-p.jp/wp-content/uploads/mhc/08-201-A-01.jpg,第1弾,
08-160-B001,茨城県,水戸市 (B001),http://www.gk-p.jp/wp-content/uploads/mhc/08-201-B-01.jpg,第28弾,
08-161-A001,茨城県,牛久市 (A001),http://www.gk-p.jp/wp-content/uploads/mhc/08-219-A-01.jpg,第22弾,
08-161-B001,茨城県,牛久市 (B001),http://www.gk-p.jp/wp-content/uploads/mhc/08-219-B-01.jpg,第29弾,08-219-B
08-162-A001,茨城県,石岡市 (A001),http://www.gk-p.jp/wp-content/uploads/mhc/08-205-A-01.jpg,第3弾,
08-162-B001,茨城県,石岡市 (B001),http://www.gk-p.jp/wp-content/uploads/mhc/08-205-B-01.jpg,第4弾,
08-163-A001,茨城県,筑西市 (A001),http://www.gk-p.jp/wp-content/uploads/mhc/08-227-A-01.jpg,第11弾,
08-163-B001,茨城県,筑西市 (B001),http://www.gk-p.jp/wp-content/uploads/mhc/08-227-B-01.jpg,第28弾,
08-164-A001,茨城県,結城市,http://www.gk-p.jp/wp-content/uploads/mhc/08-207-A-01.jpg,第9弾,
08-165-流域下水道,茨城県,茨城県 (流域下水道) ,http://www.gk-p.jp/wp-content/uploads/mhc/08-000-A-01.jpg,第27弾,
08-166-A001,茨城県,行方市,http://www.gk-p.jp/wp-content/uploads/mhc/08-233-A-01.jpg,第8弾,
08-167-A001,茨城県,那珂市,http://www.gk-p.jp/wp-content/uploads/mhc/08-226-A-01.jpg,第10弾,
08-168-A001,茨城県,鉾田市,http://www.gk-p.jp/wp-content/uploads/mhc/08-234-A-01.jpg,第10弾,
08-169-A001,茨城県,高萩市,http://www.gk-p.jp/wp-content/uploads/mhc/08-214-A-01.jpg,第14弾,
08-170-A001,茨城県,鹿嶋市,http://www.gk-p.jp/wp-content/uploads/mhc/08-222-A-01.jpg,第5弾,
08-171-A001,茨城県,龍ケ崎市 (A001),http://www.gk-p.jp/wp-content/uploads/mhc/08-208-A-01.jpg,第10弾,
08-171-B001,茨城県,龍ケ崎市 (B001),http://www.gk-p.jp/wp-content/uploads/mhc/08-208-B-01.jpg,第23弾,
09-172-A001,栃木県,さくら市,http://www.gk-p.jp/wp-content/uploads/mhc/09-214-A-01.jpg,第18弾,
09-173-A001,栃木県,上三川町,http://www.gk-p.jp/wp-content/uploads/mhc/09-301-A-01.jpg,第23弾,
09-174-A001,栃木県,下野市 (A001),http://www.gk-p.jp/wp-content/uploads/mhc/09-216-A-01.jpg,第6弾,
09-174-B001,栃木県,下野市 (B001),http://www.gk-p.jp/wp-content/uploads/mhc/09-216-B-01.jpg,第29弾,09-216-B
09-175-A001,栃木県,佐野市 (A001),http://www.gk-p.jp/wp-content/uploads/mhc/09-204-A-01.jpg,第9弾,
09-175-B001,栃木県,佐野市 (B001),http://www.gk-p.jp/wp-content/uploads/mhc/09-204-B-01.jpg,第29弾,09-204-B
09-176-A001,栃木県,壬生町 (A001),http://www.gk-p.jp/wp-content/uploads/mhc/09-361-A-01.jpg,第14弾,
09-176-B001,栃木県,壬生町 (B001),http://www.gk-p.jp/wp-content/uploads/mhc/09-361-B-01.jpg,第18弾,
09-177-A001,栃木県,大田原市 (A001),http://www.gk-p.jp/wp-content/uploads/mhc/09-210-A-01.jpg,第3弾,
09-177-B001,栃木県,大田原市 (B001),http://www.gk-p.jp/wp-content/uploads/mhc/09-210-B-01.jpg,第28弾,
09-178-A001,栃木県,宇都宮市 (A001),http://www.gk-p.jp/wp-content/uploads/mhc/09-201-A-01.jpg,第03弾,
09-178-B001,栃木県,宇都宮市 (B001),http://www.gk-p.jp/wp-content/uploads/mhc/09-201-B-01.jpg,第10弾,
09-178-C001,栃木県,宇都宮市 (C001),http://www.gk-p.jp/wp-content/uploads/mhc/09-201-C-01.jpg,第23弾,
09-178-D001,栃木県,宇都宮市 (D001),http://www.gk-p.jp/wp-content/uploads/mhc/09-201-D-01.jpg,第26弾,
09-179-A001,栃木県,小山市 (A001),http://www.gk-p.jp/wp-content/uploads/mhc/09-208-A-01.jpg,第15弾,
09-179-B001,栃木県,小山市 (B001),http://www.gk-p.jp/wp-content/uploads/mhc/09-208-B-01.jpg,第28弾,
09-180-A001,栃木県,日光市 (A001),http://www.gk-p.jp/wp-content/uploads/mhc/09-206-A-01.jpg,第8弾,
09-180-B001,栃木県,日光市 (B001),http://www.gk-p.jp/wp-content/uploads/mhc/09-206-B-01.jpg,第9弾,
09-181-A001,栃木県,栃木市,http://www.gk-p.jp/wp-content/uploads/mhc/09-203-A-01.jpg,第9弾,
09-182-流域下水道,栃木県,栃木県 (流域下水道),http://www.gk-p.jp/wp-content/uploads/mhc/09-000-A-01.jpg,第7弾,
09-183-A001,栃木県,真岡市,http://www.gk-p.jp/wp-content/uploads/mhc/09-209-A-01.jpg,第11弾,
09-184-A001,栃木県,矢板市 (A001),http://www.gk-p.jp/wp-content/uploads/mhc/09-211-A-01.jpg,第28弾,
09-185-A001,栃木県,足利市 (A001),http://www.gk-p.jp/wp-content/uploads/mhc/09-202-A-01.jpg,第2弾,
09-185-B001,栃木県,足利市 (B001),http://www.gk-p.jp/wp-content/uploads/mhc/09-202-B-01.jpg,第4弾,
09-186-A001,栃木県,那珂川町 (A001),http://www.gk-p.jp/wp-content/uploads/mhc/09-411-A-01.jpg,第29弾,09-411-A
09-187-A001,栃木県,那須塩原市(A001),http://www.gk-p.jp/wp-content/uploads/mhc/09-213-A-01.jpg,第11弾,
09-187-B001,栃木県,那須塩原市(B001),http://www.gk-p.jp/wp-content/uploads/mhc/09-213-B-01.jpg,第12弾,
09-188-A001,栃木県,那須烏山市 (A001),http://www.gk-p.jp/wp-content/uploads/mhc/09-215-A-01.jpg,第25弾,
09-188-B001,栃木県,那須烏山市 (B001),http://www.gk-p.jp/wp-content/uploads/mhc/09-215-B-01.jpg,第26弾,
09-188-C001,栃木県,那須烏山市 (C001),http://www.gk-p.jp/wp-content/uploads/mhc/09-215-C-01.jpg,第29弾,09-215-C
09-189-A001,栃木県,鹿沼市,http://www.gk-p.jp/wp-content/uploads/mhc/09-205-A-01.jpg,第10弾,
10-190-A001,群馬県,みどり市,http://www.gk-p.jp/wp-content/uploads/mhc/10-212-A-01.jpg,第9弾,
10-191-A001,群馬県,伊勢崎市,http://www.gk-p.jp/wp-content/uploads/mhc/10-204-A-01.jpg,第24弾,
10-192-A001,群馬県,前橋市,http://www.gk-p.jp/wp-content/uploads/mhc/10-201-A-01.jpg,第3弾,
10-193-A001,群馬県,吉岡町,http://www.gk-p.jp/wp-content/uploads/mhc/10-345-A-01.jpg,第12弾,
10-194-A001,群馬県,大泉町,http://www.gk-p.jp/wp-content/uploads/mhc/10-524-A-01.jpg,第4弾,
10-195-A001,群馬県,富岡市,http://www.gk-p.jp/wp-content/uploads/mhc/10-210-A-01.jpg,第3弾,
10-196-A001,群馬県,明和町,http://www.gk-p.jp/wp-content/uploads/mhc/10-522-A-01.jpg,第20弾,
10-197-A001,群馬県,桐生市 (A001),http://www.gk-p.jp/wp-content/uploads/mhc/10-203-A-01.jpg,第07弾,
10-197-B001,群馬県,桐生市 (B001),http://www.gk-p.jp/wp-content/uploads/mhc/10-203-B01.jpg,第16弾,
10-198-A001,群馬県,沼田市 (A001),http://www.gk-p.jp/wp-content/uploads/mhc/10-206-A-01.jpg,第8弾,
10-198-B001,群馬県,沼田市 (B001),http://www.gk-p.jp/wp-content/uploads/mhc/10-206-B-01.jpg,第28弾,
10-199-A001,群馬県,渋川市 (A001),http://www.gk-p.jp/wp-content/uploads/mhc/10-208-A-01.jpg,第09弾,
10-199-B001,群馬県,渋川市 (B001),http://www.gk-p.jp/wp-content/uploads/mhc/10-208-B-01.jpg,第10弾,
10-199-C001,群馬県,渋川市 (C001),http://www.gk-p.jp/wp-content/uploads/mhc/10-208-C-01.jpg,第12弾,
10-200-A001,群馬県,玉村町,http://www.gk-p.jp/wp-content/uploads/mhc/10-464-A-01.jpg,第11弾,
10-201-流域下水道,群馬県,群馬県 (流域下水道),http://www.gk-p.jp/wp-content/uploads/mhc/10-000-A-01.jpg,第5弾,
10-202-A001,群馬県,草津町,http://www.gk-p.jp/wp-content/uploads/mhc/10-426-A-01.jpg,第08弾,
10-203-A001,群馬県,藤岡市,http://www.gk-p.jp/wp-content/uploads/mhc/10-209-A-01.jpg,第7弾,
10-204-A001,群馬県,邑楽町 (A001),http://www.gk-p.jp/wp-content/uploads/mhc/10-525-A-01.jpg,第08弾,
10-204-B001,群馬県,邑楽町 (B001),http://www.gk-p.jp/wp-content/uploads/mhc/10-525-B-01.jpg,第21弾,
10-205-A001,群馬県,館林市,http://www.gk-p.jp/wp-content/uploads/mhc/10-207-A-01.jpg,第3弾,
11-206-A001,埼玉県,さいたま市 (A001),http://www.gk-p.jp/wp-content/uploads/mhc/11-100-A-01.jpg,第1弾,
11-206-B001,埼玉県,さいたま市 (B001),http://www.gk-p.jp/wp-content/uploads/mhc/11-100-B-01.jpg,第22弾,
11-207-A001,埼玉県,ふじみ野市 (A001),http://www.gk-p.jp/wp-content/uploads/mhc/11-245-A-01.jpg,第6弾,
11-207-B001,埼玉県,ふじみ野市 (B001),http://www.gk-p.jp/wp-content/uploads/mhc/11-245-B-01.jpg,第29弾,11-245-B
11-208-A001,埼玉県,三郷市,http://www.gk-p.jp/wp-content/uploads/mhc/11-237-A-01.jpg,第9弾,
11-209-A001,埼玉県,上尾市 (A001),http://www.gk-p.jp/wp-content/uploads/mhc/11-219-A-01.jpg,第5弾,
11-209-B001,埼玉県,上尾市 (B001),http://www.gk-p.jp/wp-content/uploads/mhc/11-219-B-01.jpg,第12弾,
11-210-A001,埼玉県,久喜市 (A001),http://www.gk-p.jp/wp-content/uploads/mhc/11-232-A-01.jpg,第13弾,
11-210-B001,埼玉県,久喜市 (B001),http://www.gk-p.jp/wp-content/uploads/mhc/11-232-B01.jpg,第16弾,
11-211-A001,埼玉県,伊奈町,http://www.gk-p.jp/wp-content/uploads/mhc/11-301-A-01.jpg,第10弾,
11-212-A001,埼玉県,入間市 (A001),http://www.gk-p.jp/wp-content/uploads/mhc/11-225-A-01.jpg,第18弾,
11-212-B001,埼玉県,入間市 (B001),http://www.gk-p.jp/wp-content/uploads/mhc/11-225-B-01.jpg,第19弾,
11-213-A001,埼玉県,加須市 (A001),http://www.gk-p.jp/wp-content/uploads/mhc/11-210-A-01.jpg,第23弾,
11-213-B001,埼玉県,加須市 (B001),http://www.gk-p.jp/wp-content/uploads/mhc/11-210-B-01.jpg,第26弾,
11-213-C001,埼玉県,加須市 (C001),http://www.gk-p.jp/wp-content/uploads/mhc/11-210-C-01.jpg,第29弾,11-210-C
11-214-A001,埼玉県,北本市,http://www.gk-p.jp/wp-content/uploads/mhc/11-233-A-01.jpg,第9弾,
11-215-A001,埼玉県,吉川市,http://www.gk-p.jp/wp-content/uploads/mhc/11-243-A-01.jpg,第05弾,
11-216-A001,埼玉県,吉見町,http://www.gk-p.jp/wp-content/uploads/mhc/11-347-A-01.jpg,第3弾,
11-217-A001,埼玉県,坂戸市,http://www.gk-p.jp/wp-content/uploads/mhc/11-239-A-01.jpg,第8弾,
11-218-流域下水道・A001,埼玉県,埼玉県 (流域下水道・A001),http://www.gk-p.jp/wp-content/uploads/mhc/11-000-A-01.jpg,第04弾,
11-218-流域下水道・B001,埼玉県,埼玉県 (流域下水道・B001),http://www.gk-p.jp/wp-content/uploads/mhc/11-000-B-01.jpg,第04弾,
11-218-流域下水道・C001,埼玉県,埼玉県 (流域下水道・C001),http://www.gk-p.jp/wp-content/uploads/mhc/11-000-C-01.jpg,第04弾,
11-218-流域下水道・D001,埼玉県,埼玉県 (流域下水道・D001),http://www.gk-p.jp/wp-content/uploads/mhc/11-000-D-01.jpg,第04弾,
11-218-流域下水道・E001,埼玉県,埼玉県 (流域下水道・E001),http://www.gk-p.jp/wp-content/uploads/mhc/11-000-E-01.jpg,第04弾,
11-218-流域下水道・F001,埼玉県,埼玉県 (流域下水道・F001),http://www.gk-p.jp/wp-content/uploads/mhc/11-000-F-01.jpg,第04弾,
11-218-流域下水道・G001,埼玉県,埼玉県 (流域下水道・G001),http://www.gk-p.jp/wp-content/uploads/mhc/11-000-G-01.jpg,第04弾,
11-218-流域下水道・H001,埼玉県,埼玉県 (流域下水道・H001),http://www.gk-p.jp/wp-content/uploads/mhc/11-000-H-01.jpg,第04弾,
11-218-流域下水道・I001,埼玉県,埼玉県 (流域下水道・I001),http://www.gk-p.jp/wp-content/uploads/mhc/11-000-I001.jpg,第17弾,
11-219-A001,埼玉県,埼玉県下水道公社,http://www.gk-p.jp/wp-content/uploads/mhc/11-010-A101.jpg,第17弾,
11-220-A001,埼玉県,宮代町 (A001),http://www.gk-p.jp/wp-content/uploads/mhc/11-442-A-01.jpg,第12弾,
11-220-B001,埼玉県,宮代町(B001),http://www.gk-p.jp/wp-content/uploads/mhc/11-442-B-01.jpg,第27弾,
11-221-A001,埼玉県,寄居町,http://www.gk-p.jp/wp-content/uploads/mhc/11-408-A-01.jpg,第7弾,
11-222-A001,埼玉県,富士見市,http://www.gk-p.jp/wp-content/uploads/mhc/11-235-A-01.jpg,第12弾,
11-223-A001,埼玉県,小川町,http://www.gk-p.jp/wp-content/uploads/mhc/11-343-A-01.jpg,第22弾,
11-224-A001,埼玉県,川口市,http://www.gk-p.jp/wp-content/uploads/mhc/11-203-A-01.jpg,第6弾,
11-225-A001,埼玉県,川島町,http://www.gk-p.jp/wp-content/uploads/mhc/11-346-A-01.jpg,第11弾,
11-226-A001,埼玉県,川越市 (A001),http://www.gk-p.jp/wp-content/uploads/mhc/11-201-A-01.jpg,第04弾,
11-226-B001,埼玉県,川越市 (B001),http://www.gk-p.jp/wp-content/uploads/mhc/11-201-B01.jpg,第17弾,
11-227-A001,埼玉県,志木市,http://www.gk-p.jp/wp-content/uploads/mhc/11-228-A-01.jpg,第18弾,
11-228-A001,埼玉県,戸田市 (A001),http://www.gk-p.jp/wp-content/uploads/mhc/11-224-A-01.jpg,第04弾,
11-228-B001,埼玉県,戸田市 (B001),http://www.gk-p.jp/wp-content/uploads/mhc/11-224-B-01.jpg,第23弾,
11-229-A001,埼玉県,所沢市 (A001),http://www.gk-p.jp/wp-content/uploads/mhc/11-208-A-01.jpg,第01弾,
11-229-B001,埼玉県,所沢市 (B001),http://www.gk-p.jp/wp-content/uploads/mhc/11-208-B-01.jpg,第08弾,
11-229-C001,埼玉県,所沢市 (C001),http://www.gk-p.jp/wp-content/uploads/mhc/11-208-C01.jpg,第16弾,
11-229-D001,埼玉県,所沢市 (D001),http://www.gk-p.jp/wp-content/uploads/mhc/11-208-D01.jpg,第16弾,
11-230-A001,埼玉県,日高市 (A001),http://www.gk-p.jp/wp-content/uploads/mhc/11-242-A-01.jpg,第8弾,
11-230-B001,埼玉県,日高市 (B001),http://www.gk-p.jp/wp-content/uploads/mhc/11-242-B-01.jpg,第14弾,
11-231-A001,埼玉県,本庄市 (A001),http://www.gk-p.jp/wp-content/uploads/mhc/11-211-A-01.jpg,第10弾,
11-231-B001,埼玉県,本庄市 (B001),http://www.gk-p.jp/wp-content/uploads/mhc/11-211-B-01.jpg,第13弾,
11-232-A001,埼玉県,桶川市 (A001),http://www.gk-p.jp/wp-content/uploads/mhc/11-231-A-01.jpg,第12弾,
11-232-B001,埼玉県,桶川市 (B001),http://www.gk-p.jp/wp-content/uploads/mhc/11-231-B-01.jpg,第18弾,
11-233-A001,埼玉県,深谷市 (A001),http://www.gk-p.jp/wp-content/uploads/mhc/11-218-A-01.jpg,第19弾,
11-233-B001,埼玉県,深谷市 (B001),http://www.gk-p.jp/wp-content/uploads/mhc/11-218-B-01.jpg,第23弾,
11-233-C001,埼玉県,深谷市 (C001),http://www.gk-p.jp/wp-content/uploads/mhc/11-218-C-01.jpg,第26弾,
11-234-A001,埼玉県,滑川町,http://www.gk-p.jp/wp-content/uploads/mhc/11-341-A-01.jpg,第24弾,
11-235-A001,埼玉県,熊谷市 (A001),http://www.gk-p.jp/wp-content/uploads/mhc/11-202-A-01.jpg,第03弾,
11-235-B001,埼玉県,熊谷市 (B001),http://www.gk-p.jp/wp-content/uploads/mhc/11-202-B-01.jpg,第10弾,
11-236-A001,埼玉県,狭山市,http://www.gk-p.jp/wp-content/uploads/mhc/11-215-A-01.jpg,第7弾,
11-237-A001,埼玉県,白岡市,http://www.gk-p.jp/wp-content/uploads/mhc/11-246-A-01.jpg,第07弾,
11-238-A001,埼玉県,羽生市,http://www.gk-p.jp/wp-content/uploads/mhc/11-216-A-01.jpg,第6弾,
11-239-A001,埼玉県,草加市 (A001),http://www.gk-p.jp/wp-content/uploads/mhc/11-221-A-01.jpg,第8弾,
11-239-B001,埼玉県,草加市 (B001),http://www.gk-p.jp/wp-content/uploads/mhc/11-221-B-01.jpg,第9弾,
11-240-A001,埼玉県,蓮田市,http://www.gk-p.jp/wp-content/uploads/mhc/11-238-A-01.jpg,第22弾,
11-241-A001,埼玉県,行田市,http://www.gk-p.jp/wp-content/uploads/mhc/11-206-A-01.jpg,第3弾,
11-242-A001,埼玉県,越谷市 (A001),http://www.gk-p.jp/wp-content/uploads/mhc/11-222-A-01.jpg,第03弾,
11-242-B001,埼玉県,越谷市 (B001),http://www.gk-p.jp/wp-content/uploads/mhc/11-222-B-01.jpg,第04弾,
11-242-C001,埼玉県,越谷市 (C001),http://www.gk-p.jp/wp-content/uploads/mhc/11-222-C-01.jpg,第18弾,
11-242-D001,埼玉県,越谷市 (D001),http://www.gk-p.jp/wp-content/uploads/mhc/11-222-D-01.jpg,第29弾,11-222-D
11-243-A001,埼玉県,飯能市,http://www.gk-p.jp/wp-content/uploads/mhc/11-209-A-01.jpg,第20弾,
11-244-A001,埼玉県,鴻巣市 (A001),http://www.gk-p.jp/wp-content/uploads/mhc/11-217-A-01.jpg,第11弾,
11-244-B001,埼玉県,鴻巣市 (B001),http://www.gk-p.jp/wp-content/uploads/mhc/11-217-B-01.jpg,第20弾,
12-245-A001,千葉県,佐倉市 (A001),http://www.gk-p.jp/wp-content/uploads/mhc/12-212-A01.jpg,第16弾,
12-245-B001,千葉県,佐倉市 (B001),http://www.gk-p.jp/wp-content/uploads/mhc/12-212-B-01.jpg,第22弾,
12-246-A001,千葉県,八千代市,http://www.gk-p.jp/wp-content/uploads/mhc/12-221-A-01.jpg,第7弾,
12-247-A001,千葉県,八街市,http://www.gk-p.jp/wp-content/uploads/mhc/12-230-A-01.jpg,第26弾,
12-248-A001,千葉県,千葉市 (A001),http://www.gk-p.jp/wp-content/uploads/mhc/12-100-A-01.jpg,第6弾,
12-248-B001,千葉県,千葉市 (B001),http://www.gk-p.jp/wp-content/uploads/mhc/12-100-B-01.jpg,第14弾,
12-248-C001,千葉県,千葉市 (C001),http://www.gk-p.jp/wp-content/uploads/mhc/12-100-C-01.jpg,第29弾,12-100-C
12-249-流域下水道,千葉県,千葉県 (流域下水道) ,http://www.gk-p.jp/wp-content/uploads/mhc/12-000-A-01.jpg,第21弾,
12-250-A001,千葉県,大網白里市,http://www.gk-p.jp/wp-content/uploads/mhc/12-239-A-01.jpg,第20弾,
12-251-A001,千葉県,市原市,http://www.gk-p.jp/wp-content/uploads/mhc/12-219-A-01.jpg,第11弾,
12-252-A001,千葉県,市川市 (A001),http://www.gk-p.jp/wp-content/uploads/mhc/12-203-A-01.jpg,第04弾,
12-252-B001,千葉県,市川市 (B001),http://www.gk-p.jp/wp-content/uploads/mhc/12-203-B-01.jpg,第18弾,
12-252-C001,千葉県,市川市 (C001),http://www.gk-p.jp/wp-content/uploads/mhc/12-203-C-01.jpg,第20弾,
12-252-D001,千葉県,市川市 (D001),http://www.gk-p.jp/wp-content/uploads/mhc/12-203-D-01.jpg,第23弾,
12-253-A001,千葉県,我孫子市 (A001),http://www.gk-p.jp/wp-content/uploads/mhc/12-222-A-01.jpg,第13弾,
12-253-B001,千葉県,我孫子市 (B001),http://www.gk-p.jp/wp-content/uploads/mhc/12-222-B-01.jpg,第26弾,
12-254-A001,千葉県,木更津市,http://www.gk-p.jp/wp-content/uploads/mhc/12-206-A-01.jpg,第10弾,
12-255-A001,千葉県,東金市,http://www.gk-p.jp/wp-content/uploads/mhc/12-213-A-01.jpg,第24弾,
12-256-A001,千葉県,松戸市 (A001),http://www.gk-p.jp/wp-content/uploads/mhc/12-207-A-01.jpg,第10弾,
12-256-B001,千葉県,松戸市 (B001),http://www.gk-p.jp/wp-content/uploads/mhc/12-207-B01.jpg,第17弾,
12-257-A001,千葉県,柏市 (A001),http://www.gk-p.jp/wp-content/uploads/mhc/12-217-A-01.png,第02弾,
12-257-B001,千葉県,柏市 (B001),http://www.gk-p.jp/wp-content/uploads/mhc/12-217-B-01.jpg,第25弾,
12-258-A001,千葉県,流山市,http://www.gk-p.jp/wp-content/uploads/mhc/12-220-A-01.jpg,第9弾,
12-259-A001,千葉県,浦安市 (A001),http://www.gk-p.jp/wp-content/uploads/mhc/12-227-A-01.jpg,第12弾,
12-259-B001,千葉県,浦安市 (B001),http://www.gk-p.jp/wp-content/uploads/mhc/12-227-B-01.jpg,第26弾,
12-260-A001,千葉県,白井市,http://www.gk-p.jp/wp-content/uploads/mhc/12-232-A-01.jpg,第8弾,
12-261-A001,千葉県,習志野市 (A001),http://www.gk-p.jp/wp-content/uploads/mhc/12-216-A-01.jpg,第03弾,
12-261-B001,千葉県,習志野市 (B001),http://www.gk-p.jp/wp-content/uploads/mhc/12-216-B-01.jpg,第24弾,
12-262-A001,千葉県,船橋市,http://www.gk-p.jp/wp-content/uploads/mhc/12-204-A-01.jpg,第2弾,
12-263-A001,千葉県,芝山町,http://www.gk-p.jp/wp-content/uploads/mhc/12-409-A-01.jpg,第27弾,
12-264-A001,千葉県,袖ケ浦市,http://www.gk-p.jp/wp-content/uploads/mhc/12-229-A-01.jpg,第06弾,
12-265-A001,千葉県,野田市 (A001),http://www.gk-p.jp/wp-content/uploads/mhc/12-208-A-01.jpg,第09弾,
12-265-B001,千葉県,野田市 (B001),http://www.gk-p.jp/wp-content/uploads/mhc/12-208-B-01.jpg,第18弾,
12-265-C001,千葉県,野田市 (C001),http://www.gk-p.jp/wp-content/uploads/mhc/12-208-C-01.jpg,第21弾,
12-266-A001,千葉県,銚子市,http://www.gk-p.jp/wp-content/uploads/mhc/12-202-A-01.jpg,第7弾,
12-267-A001,千葉県,鎌ケ谷市,http://www.gk-p.jp/wp-content/uploads/mhc/12-224-A-01.jpg,第2弾,
12-268-A001,千葉県,長生村 (A001),http://www.gk-p.jp/wp-content/uploads/mhc/12-423-A-01.jpg,第21弾,
12-268-B001,千葉県,長生村 (B001),http://www.gk-p.jp/wp-content/uploads/mhc/12-423-B-01.jpg,第26弾,
12-268-C001,千葉県,長生村 (C001),http://www.gk-p.jp/wp-content/uploads/mhc/12-423-C-01.jpg,第29弾,12-423-C
12-269-A001,千葉県,館山市 (A001),http://www.gk-p.jp/wp-content/uploads/mhc/12-205-A-01.jpg,第11弾,
12-269-B001,千葉県,館山市 (B001),http://www.gk-p.jp/wp-content/uploads/mhc/12-205-B01.jpg,第16弾,
12-269-C001,千葉県,館山市 (C001),http://www.gk-p.jp/wp-content/uploads/mhc/12-205-C-01.jpg,第29弾,12-205-C
13-270-A001,東京都,あきる野市 (A001),http://www.gk-p.jp/wp-content/uploads/mhc/13-228-A01-2.jpg,第15弾,
13-270-B001,東京都,あきる野市 (B001),http://www.gk-p.jp/wp-content/uploads/mhc/13-228-B01.jpg,第16弾,
13-270-C001,東京都,あきる野市 (C001),http://www.gk-p.jp/wp-content/uploads/mhc/13-228-C-01.jpg,第28弾,
13-271-A001,東京都,三鷹市 (A001),https://www.gk-p.jp/wp-content/uploads/mhc/13-204-A01.jpg,第15弾,
13-271-B001,東京都,三鷹市 (B001),http://www.gk-p.jp/wp-content/uploads/mhc/13-204-B-01.jpg,第29弾,13-204-B
13-272-A001,東京都,八王子市,http://www.gk-p.jp/wp-content/uploads/mhc/13-201-A-01.jpg,第1弾,
13-273-A001,東京都,国分寺市 (A001),http://www.gk-p.jp/wp-content/uploads/mhc/13-214-A-01.jpg,第06弾,
13-273-B001,東京都,国分寺市 (B001),http://www.gk-p.jp/wp-content/uploads/mhc/13-214-B-01.jpg,第19弾,
13-273-C001,東京都,国分寺市 (C001),http://www.gk-p.jp/wp-content/uploads/mhc/13-214-C-01.jpg,第24弾,
13-273-D001,東京都,国分寺市 (D001),http://www.gk-p.jp/wp-content/uploads/mhc/13-214-D-01.jpg,第26弾,
13-273-E001,東京都,国分寺市(E001),http://www.gk-p.jp/wp-content/uploads/mhc/13-214-E-01.jpg,第27弾,
13-274-A001,東京都,国立市 (A001),http://www.gk-p.jp/wp-content/uploads/mhc/13-215-A-01.jpg,第11弾,
13-274-B001,東京都,国立市 (B001),http://www.gk-p.jp/wp-content/uploads/mhc/13-215-B-01.jpg,第18弾,
13-275-A001,東京都,多摩市 (A001),http://www.gk-p.jp/wp-content/uploads/mhc/13-224-A-01.jpg,第6弾,
13-275-B001,東京都,多摩市 (B001),http://www.gk-p.jp/wp-content/uploads/mhc/13-224-B-01.jpg,第6弾,
13-275-C001,東京都,多摩市 (C001),http://www.gk-p.jp/wp-content/uploads/mhc/13-224-C-01.jpg,第8弾,
13-275-D001,東京都,多摩市 (D001),http://www.gk-p.jp/wp-content/uploads/mhc/13-224-D-01.jpg,第13弾,
13-276-A001,東京都,小平市 (A001),http://www.gk-p.jp/wp-content/uploads/mhc/13-211-A-01.jpg,第02弾,
13-276-B001,東京都,小平市 (B001),http://www.gk-p.jp/wp-content/uploads/mhc/13-211-B-01.jpg,第12弾,
13-277-A001,東京都,小笠原村,http://www.gk-p.jp/wp-content/uploads/mhc/13-421-A-01.jpg,第18弾,
13-278-A001,東京都,小金井市 (A001),http://www.gk-p.jp/wp-content/uploads/mhc/13-210-A-01.jpg,第05弾,
13-278-B001,東京都,小金井市 (B001),http://www.gk-p.jp/wp-content/uploads/mhc/13-210-B-02.jpg,第12弾,
13-279-A001,東京都,府中市 (A001),http://www.gk-p.jp/wp-content/uploads/mhc/13-206-A-01.jpg,第13弾,
13-279-B001,東京都,府中市 (B001),http://www.gk-p.jp/wp-content/uploads/mhc/13-206-B01.jpg,第16弾,
13-280-A001,東京都,日の出町,http://www.gk-p.jp/wp-content/uploads/mhc/13-305-A-01.jpg,第27弾,
13-281-A001,東京都,日野市 (A001),http://www.gk-p.jp/wp-content/uploads/mhc/13-212-A-01.jpg,第10弾,
13-281-B001,東京都,日野市 (B001),http://www.gk-p.jp/wp-content/uploads/mhc/13-212-B-01.jpg,第21弾,
13-282-A001,東京都,昭島市 (A001),http://www.gk-p.jp/wp-content/uploads/mhc/13-207-A-01.jpg,第07弾,
13-282-B001,東京都,昭島市 (B001),http://www.gk-p.jp/wp-content/uploads/mhc/13-207-B-01.jpg,第24弾,
13-283-A001,東京都,東久留米市 (A001),http://www.gk-p.jp/wp-content/uploads/mhc/13-222-A-02.jpg,第12弾,
13-283-B001,東京都,東久留米市 (B001),http://www.gk-p.jp/wp-content/uploads/mhc/13-222-B01.jpg,第15弾,
13-283-C001,東京都,東久留米市 (C001),http://www.gk-p.jp/wp-content/uploads/mhc/13-222-C-01.jpg,第15弾,
13-283-D001,東京都,東久留米市 (D001),http://www.gk-p.jp/wp-content/uploads/mhc/13-222-D01.jpg,第17弾,
13-284-A001,東京都,東京23区 (A001),http://www.gk-p.jp/wp-content/uploads/mhc/13-100-A-01.jpg,第01弾,
13-284-A101,東京都,東京23区 (A101),http://www.gk-p.jp/wp-content/uploads/mhc/13-100-A1-01.jpg,第15弾,
13-284-B001,東京都,東京23区 (B001),http://www.gk-p.jp/wp-content/uploads/mhc/13-100-B-01.jpg,第04弾,
13-284-B101,東京都,東京23区 (B101),http://www.gk-p.jp/wp-content/uploads/mhc/13-100-B1-01.jpg,第15弾,
13-284-C001,東京都,東京23区 (C001),http://www.gk-p.jp/wp-content/uploads/mhc/13-100-C-01.jpg,第05弾,
13-284-C101,東京都,東京23区 (C101),http://www.gk-p.jp/wp-content/uploads/mhc/13-100-C101.jpg,第16弾,
13-284-D001,東京都,東京23区 (D001),http://www.gk-p.jp/wp-content/uploads/mhc/13-100-D-01.jpg,第05弾,
13-284-D101,東京都,東京23区 (D101),http://www.gk-p.jp/wp-content/uploads/mhc/13-100-D01.jpg,第17弾,
13-284-E001,東京都,東京23区 (E001),http://www.gk-p.jp/wp-content/uploads/mhc/13-100-E-01.jpg,第09弾,
13-284-E101,東京都,東京23区 (E101),http://www.gk-p.jp/wp-content/uploads/mhc/13-100-E1-01.jpg,第19弾,
13-284-F101,東京都,東京23区 (F101),http://www.gk-p.jp/wp-content/uploads/mhc/13-100-F1-01.jpg,第20弾,
13-284-G101,東京都,東京23区 (G101),http://www.gk-p.jp/wp-content/uploads/mhc/13-100-G1-01.jpg,第22弾,
13-284-H101,東京都,東京23区 (H101),http://www.gk-p.jp/wp-content/uploads/mhc/13-100-H1-01.jpg,第22弾,
13-284-I101,東京都,東京23区 (I101),http://www.gk-p.jp/wp-content/uploads/mhc/13-100-I1-01.jpg,第22弾,
13-284-J101,東京都,東京23区 (J101),http://www.gk-p.jp/wp-content/uploads/mhc/13-100-J1-01.jpg,第24弾,
13-284-K101,東京都,東京23区 (K101),http://www.gk-p.jp/wp-content/uploads/mhc/13-100-K1-01.jpg,第24弾,
13-284-L101,東京都,東京23区 (L101),http://www.gk-p.jp/wp-content/uploads/mhc/13-100-L1-01.jpg,第25弾,
13-284-M001,東京都,東京23区 (M001),http://www.gk-p.jp/wp-content/uploads/mhc/13-100-M-01.jpg,第12弾,
13-284-M101,東京都,東京23区 (M101),http://www.gk-p.jp/wp-content/uploads/mhc/13-100-M1-01.jpg,第25弾,
13-284-N001,東京都,東京23区 (N001),http://www.gk-p.jp/wp-content/uploads/mhc/13-100-N-01.jpg,第14弾,
13-284-N101,東京都,東京23区 (N101),http://www.gk-p.jp/wp-content/uploads/mhc/13-100-N1-01.jpg,第26弾,
13-284-O101,東京都,東京23区 (O101),http://www.gk-p.jp/wp-content/uploads/mhc/13-100-O1-01.jpg,第28弾,
13-284-Z001,東京都,東京23区 (Z001),http://www.gk-p.jp/wp-content/uploads/mhc/13-100-Z-01.jpg,第15弾,
13-285-A001,東京都,東京23区 （Q101）,http://www.gk-p.jp/wp-content/uploads/mhc/13-100-Q1-01.jpg,第29弾,13-100-Q1
13-286-A001,東京都,東京23区 （R101）,http://www.gk-p.jp/wp-content/uploads/mhc/13-100-R1-01.jpg,第29弾,13-100-R1
13-287-流域下水道,東京都,東京都 (流域下水道) ,http://www.gk-p.jp/wp-content/uploads/mhc/13-000-A01-3.jpg,第13弾,
13-288-G001,東京都,東京都 世田谷区 (G001),http://www.gk-p.jp/wp-content/uploads/mhc/13-100-G-01.jpg,第12弾,
13-289-K001,東京都,東京都 北区 (K001),http://www.gk-p.jp/wp-content/uploads/mhc/13-100-K-01.jpg,第12弾,
13-290-F001,東京都,東京都 千代田区 (F001),http://www.gk-p.jp/wp-content/uploads/mhc/13-100-F-01.jpg,第12弾,
13-291-Q001,東京都,東京都 台東区 (Q001),http://www.gk-p.jp/wp-content/uploads/mhc/13-100tairoku-Q001-omote.jpg,第15弾,
13-292-S001,東京都,東京都 品川区 (S001),http://www.gk-p.jp/wp-content/uploads/mhc/13-100-S01-2.jpg,第15弾,
13-293-R001,東京都,東京都 墨田区 (R001),http://www.gk-p.jp/wp-content/uploads/mhc/13-100-R01.jpg,第15弾,
13-294-T001,東京都,東京都 大田区 (T001),http://www.gk-p.jp/wp-content/uploads/mhc/13-100-T01.jpg,第15弾,
13-295-O001,東京都,東京都 新宿区 (O001),http://www.gk-p.jp/wp-content/uploads/mhc/13-100-O01.jpg,第15弾,
13-296-I001,東京都,東京都 杉並区 (I001),http://www.gk-p.jp/wp-content/uploads/mhc/13-100-I-01.jpg,第12弾,
13-296-U001,東京都,東京都 杉並区 (U001),http://www.gk-p.jp/wp-content/uploads/mhc/13-100-U01.jpg,第15弾,
13-297-Y001,東京都,東京都 江戸川区 (Y001),http://www.gk-p.jp/wp-content/uploads/mhc/13-100-Y01-2.jpg,第15弾,
13-298-H001,東京都,東京都 渋谷区 (H001),http://www.gk-p.jp/wp-content/uploads/mhc/13-100-H-01.jpg,第12弾,
13-299-V001,東京都,東京都 練馬区 (V001),http://www.gk-p.jp/wp-content/uploads/mhc/13-100-V01-2.jpg,第15弾,
13-300-X001,東京都,東京都 葛飾区 (X001),http://www.gk-p.jp/wp-content/uploads/mhc/13-100-X01.jpg,第15弾,
13-301-J001,東京都,東京都 豊島区 (J001),http://www.gk-p.jp/wp-content/uploads/mhc/13-100-J-01.jpg,第12弾,
13-302-L001,東京都,東京都 足立区 (L001),http://www.gk-p.jp/wp-content/uploads/mhc/13-100-L-01.jpg,第12弾,
13-302-W001,東京都,東京都 足立区 (W001),http://www.gk-p.jp/wp-content/uploads/mhc/13-100-W01.jpg,第15弾,
13-303-A001,東京都,東京都都市づくり公社,http://www.gk-p.jp/wp-content/uploads/mhc/13-010-A-01.jpg,第27弾,
13-304-A001,東京都,東大和市,http://www.gk-p.jp/wp-content/uploads/mhc/13-220-A01.jpg,第12弾,
13-305-A001,東京都,檜原村,http://www.gk-p.jp/wp-content/uploads/mhc/13-307-A-01.jpg,第13弾,
13-306-A001,東京都,武蔵野市 (A001),http://www.gk-p.jp/wp-content/uploads/mhc/13-203-A-01.jpg,第22弾,
13-306-B001,東京都,武蔵野市 (B001),http://www.gk-p.jp/wp-content/uploads/mhc/13-203-B-01.jpg,第24弾,
13-306-C001,東京都,武蔵野市 (C001),http://www.gk-p.jp/wp-content/uploads/mhc/13-203-C-01.jpg,第27弾,
13-307-A001,東京都,清瀬市,http://www.gk-p.jp/wp-content/uploads/mhc/13-221-A01.jpg,第15弾,
13-308-A001,東京都,狛江市 (A001),http://www.gk-p.jp/wp-content/uploads/mhc/13-219-A-01.jpg,第06弾,
13-308-B001,東京都,狛江市 (B001),http://www.gk-p.jp/wp-content/uploads/mhc/13-219-B02.jpg,第15弾,
13-309-A001,東京都,瑞穂町,http://www.gk-p.jp/wp-content/uploads/mhc/13-303-A-01.jpg,第4弾,
13-310-A001,東京都,町田市 (A001),http://www.gk-p.jp/wp-content/uploads/mhc/13-209-A-01.jpg,第10弾,
13-310-B001,東京都,町田市 (B001),http://www.gk-p.jp/wp-content/uploads/mhc/13-209-B-01.jpg,第12弾,
13-311-A001,東京都,福生市,http://www.gk-p.jp/wp-content/uploads/mhc/13-218-A-01.jpg,第18弾,
13-312-A001,東京都,稲城市,http://www.gk-p.jp/wp-content/uploads/mhc/13-225-A01.jpg,第12弾,
13-313-A001,東京都,立川市 (A001),http://www.gk-p.jp/wp-content/uploads/mhc/13-202-A-01.jpg,第08弾,
13-313-B001,東京都,立川市 (B001),http://www.gk-p.jp/wp-content/uploads/mhc/13-202-B-01.jpg,第12弾,
13-313-C001,東京都,立川市 (C001),http://www.gk-p.jp/wp-content/uploads/mhc/13-202-C01.jpg,第16弾,
13-314-A001,東京都,羽村市 (A001),http://www.gk-p.jp/wp-content/uploads/mhc/13-227-A-01.jpg,第3弾,
13-314-B001,東京都,羽村市 (B001),http://www.gk-p.jp/wp-content/uploads/mhc/13-227-B-01.jpg,第6弾,
13-315-A001,東京都,西東京市 (A001),http://www.gk-p.jp/wp-content/uploads/mhc/13-229-A-01.jpg,第29弾,13-229-A
13-316-A001,東京都,調布市 (A001),http://www.gk-p.jp/wp-content/uploads/mhc/13-208-A-01.jpg,第10弾,
13-316-B001,東京都,調布市 (B001),http://www.gk-p.jp/wp-content/uploads/mhc/13-208-B-01.jpg,第25弾,
13-317-A001,東京都,青梅市 (A001),http://www.gk-p.jp/wp-content/uploads/mhc/13-205-A-01.jpg,第14弾,
13-317-B001,東京都,青梅市 (B001),http://www.gk-p.jp/wp-content/uploads/mhc/13-205-B-01.jpg,第21弾,
14-318-A001,神奈川県,三浦市,http://www.gk-p.jp/wp-content/uploads/mhc/14-210-A-01.jpg,第14弾,
14-319-A001,神奈川県,中井町,http://www.gk-p.jp/wp-content/uploads/mhc/14-361-A-01.jpg,第6弾,
14-320-A001,神奈川県,伊勢原市,http://www.gk-p.jp/wp-content/uploads/mhc/14-214-A-01.jpg,第11弾,
14-321-A001,神奈川県,厚木市 (A001),http://www.gk-p.jp/wp-content/uploads/mhc/14-212-A-01.jpg,第03弾,
14-321-B001,神奈川県,厚木市 (B001),http://www.gk-p.jp/wp-content/uploads/mhc/14-212-B-01.jpg,第20弾,
14-321-C001,神奈川県,厚木市 (C001),http://www.gk-p.jp/wp-content/uploads/mhc/14-212-C-01.jpg,第24弾,
14-322-A001,神奈川県,大井町,http://www.gk-p.jp/wp-content/uploads/mhc/14-362-A-01.jpg,第7弾,
14-323-A001,神奈川県,大和市,http://www.gk-p.jp/wp-content/uploads/mhc/14-213-A-01.jpg,第10弾,
14-324-A001,神奈川県,小田原市 (A001),http://www.gk-p.jp/wp-content/uploads/mhc/14-206-A-01.jpg,第07弾,
14-324-B001,神奈川県,小田原市 (B001),http://www.gk-p.jp/wp-content/uploads/mhc/14-206-B-01.jpg,第15弾,
14-324-C001,神奈川県,小田原市 (C001),http://www.gk-p.jp/wp-content/uploads/mhc/14-206-C01.jpg,第16弾,
14-324-D001,神奈川県,小田原市 (D001),http://www.gk-p.jp/wp-content/uploads/mhc/14-206-D-01.jpg,第19弾,
14-324-E001,神奈川県,小田原市 (E001),http://www.gk-p.jp/wp-content/uploads/mhc/14-206-E-01.jpg,第22弾,
14-324-F001,神奈川県,小田原市 (F001),http://www.gk-p.jp/wp-content/uploads/mhc/14-206-F-01.jpg,第25弾,
14-325-A001,神奈川県,山北町,http://www.gk-p.jp/wp-content/uploads/mhc/14-364-A-01.jpg,第21弾,
14-326-A001,神奈川県,川崎市 (A001),http://www.gk-p.jp/wp-content/uploads/mhc/14-130-A-01.jpg,第05弾,
14-326-B001,神奈川県,川崎市 (B001),http://www.gk-p.jp/wp-content/uploads/mhc/14-130-B01.jpg,第16弾,
14-326-C001,神奈川県,川崎市 (C001),http://www.gk-p.jp/wp-content/uploads/mhc/14-130-C-01.jpg,第18弾,
14-327-A001,神奈川県,平塚市,http://www.gk-p.jp/wp-content/uploads/mhc/14-203-A-01.jpg,第7弾,
14-328-A001,神奈川県,座間市,http://www.gk-p.jp/wp-content/uploads/mhc/14-216-A-01.jpg,第10弾,
14-329-A001,神奈川県,愛川町,http://www.gk-p.jp/wp-content/uploads/mhc/14-401-A-01.jpg,第7弾,
14-330-A001,神奈川県,横浜市 (A001),http://www.gk-p.jp/wp-content/uploads/mhc/14-100-A-01.jpg,第02弾,
14-330-B001,神奈川県,横浜市 (B001),http://www.gk-p.jp/wp-content/uploads/mhc/14-100-B-01.jpg,第04弾,
14-330-C001,神奈川県,横浜市 (C001),http://www.gk-p.jp/wp-content/uploads/mhc/14-100-C-01.jpg,第04弾,
14-330-D001,神奈川県,横浜市 (D001),http://www.gk-p.jp/wp-content/uploads/mhc/14-100-D-01.jpg,第10弾,
14-331-A001,神奈川県,横須賀市 (A001),http://www.gk-p.jp/wp-content/uploads/mhc/14-201-A-01.jpg,第01弾,
14-331-B001,神奈川県,横須賀市 (B001),http://www.gk-p.jp/wp-content/uploads/mhc/14-201-B-01.jpg,第15弾,
14-331-C001,神奈川県,横須賀市 (C001),http://www.gk-p.jp/wp-content/uploads/mhc/14-201-C-01.jpg,第21弾,
14-331-D001,神奈川県,横須賀市 (D001),http://www.gk-p.jp/wp-content/uploads/mhc/14-201-D-01.jpg,第26弾,
14-332-A001,神奈川県,海老名市,http://www.gk-p.jp/wp-content/uploads/mhc/14-215-A01.jpg,第16弾,
14-333-A001,神奈川県,清川村,http://www.gk-p.jp/wp-content/uploads/mhc/14-402-A-01.jpg,第11弾,
14-334-A001,神奈川県,相模原市 (A001),http://www.gk-p.jp/wp-content/uploads/mhc/14-150-A-01.jpg,第01弾,
14-334-B001,神奈川県,相模原市 (B001),http://www.gk-p.jp/wp-content/uploads/mhc/14-150-B-01.jpg,第09弾,
14-334-C001,神奈川県,相模原市 (C001),http://www.gk-p.jp/wp-content/uploads/mhc/14-150-C-01.jpg,第14弾,
14-334-D001,神奈川県,相模原市(D001),http://www.gk-p.jp/wp-content/uploads/mhc/14-150-D01.jpg,第17弾,
14-335-A001,神奈川県,秦野市,http://www.gk-p.jp/wp-content/uploads/mhc/14-211-A-01.jpg,第8弾,
14-336-A001,神奈川県,綾瀬市,http://www.gk-p.jp/wp-content/uploads/mhc/14-218-A-01.jpg,第23弾,
14-337-A001,神奈川県,茅ヶ崎市 (A001),http://www.gk-p.jp/wp-content/uploads/mhc/14-207-A-01.jpg,第18弾,
14-337-B001,神奈川県,茅ヶ崎市 (B001),http://www.gk-p.jp/wp-content/uploads/mhc/14-207-B-01.jpg,第26弾,
14-338-A001,神奈川県,葉山町 (A001),http://www.gk-p.jp/wp-content/uploads/mhc/14-301-A-01.jpg,第11弾,
14-338-B001,神奈川県,葉山町(B001),http://www.gk-p.jp/wp-content/uploads/mhc/14-301-B-01.jpg,第27弾,
14-338-C001,神奈川県,葉山町 (C001),http://www.gk-p.jp/wp-content/uploads/mhc/14-301-C-01.jpg,第28弾,
14-339-A001,神奈川県,藤沢市 (A001),http://www.gk-p.jp/wp-content/uploads/mhc/14-205-A-01.jpg,第10弾,
14-339-B001,神奈川県,藤沢市 (B001),http://www.gk-p.jp/wp-content/uploads/mhc/14-205-B-01.jpg,第26弾,
14-340-A001,神奈川県,逗子市,http://www.gk-p.jp/wp-content/uploads/mhc/14-208-A01.jpg,第16弾,
15-341-A001,新潟県,三条市,http://www.gk-p.jp/wp-content/uploads/mhc/15-204-A-01.jpg,第5弾,
15-342-A001,新潟県,佐渡市 (A001),http://www.gk-p.jp/wp-content/uploads/mhc/15-224-A-01.jpg,第21弾,
15-342-B001,新潟県,佐渡市 (B001),http://www.gk-p.jp/wp-content/uploads/mhc/15-224-B-01.jpg,第22弾,
15-342-C001,新潟県,佐渡市 (C001),http://www.gk-p.jp/wp-content/uploads/mhc/15-224-C-01.jpg,第23弾,
15-342-D001,新潟県,佐渡市 (D001),http://www.gk-p.jp/wp-content/uploads/mhc/15-224-D-01.jpg,第24弾,
15-342-E001,新潟県,佐渡市 (E001),http://www.gk-p.jp/wp-content/uploads/mhc/15-224-E-01.jpg,第25弾,
15-342-F001,新潟県,佐渡市 (F001),http://www.gk-p.jp/wp-content/uploads/mhc/15-224-F-01.jpg,第26弾,
15-342-G001,新潟県,佐渡市 (G001),http://www.gk-p.jp/wp-content/uploads/mhc/15-224-G-01.jpg,第27弾,
15-342-H001,新潟県,佐渡市 (H001),http://www.gk-p.jp/wp-content/uploads/mhc/15-224-H-01.jpg,第28弾,
15-342-I001,新潟県,佐渡市 (I001),http://www.gk-p.jp/wp-content/uploads/mhc/15-224-I-01.jpg,第29弾,15-224-I
15-343-A001,新潟県,出雲崎町,http://www.gk-p.jp/wp-content/uploads/mhc/15-405-A01.jpg,第16弾,
15-344-A001,新潟県,加茂市,http://www.gk-p.jp/wp-content/uploads/mhc/15-209-A-01.jpg,第18弾,
15-345-A001,新潟県,十日町市 (A001),http://www.gk-p.jp/wp-content/uploads/mhc/15-210-A-01.jpg,第7弾,
15-345-B001,新潟県,十日町市 (B001),http://www.gk-p.jp/wp-content/uploads/mhc/15-210-B-01.jpg,第8弾,
15-345-C001,新潟県,十日町市 (C001),http://www.gk-p.jp/wp-content/uploads/mhc/15-210-C-01.jpg,第13弾,
15-346-A001,新潟県,小千谷市 (A001),http://www.gk-p.jp/wp-content/uploads/mhc/15-208-A-01.jpg,第03弾,
15-346-B001,新潟県,小千谷市 (B001),http://www.gk-p.jp/wp-content/uploads/mhc/15-208-B01.jpg,第16弾,
15-347-A001,新潟県,新潟市 (A001),http://www.gk-p.jp/wp-content/uploads/mhc/15-100-A-01.jpg,第1弾,
15-347-B001,新潟県,新潟市 (B001),http://www.gk-p.jp/wp-content/uploads/mhc/15-100-B-01.jpg,第6弾,
15-348-流域下水道,新潟県,新潟県 (流域下水道),http://www.gk-p.jp/wp-content/uploads/mhc/15-000-A-01.jpg,第6弾,
15-349-A001,新潟県,新発田市 (A001),http://www.gk-p.jp/wp-content/uploads/mhc/15-206-A-01.jpg,第08弾,
15-349-B001,新潟県,新発田市 (B001),http://www.gk-p.jp/wp-content/uploads/mhc/15-206-B-01.jpg,第12弾,
15-349-C001,新潟県,新発田市 (C001),http://www.gk-p.jp/wp-content/uploads/mhc/15-206-C01.jpg,第16弾,
15-349-D001,新潟県,新発田市 (D001),http://www.gk-p.jp/wp-content/uploads/mhc/15-208-D-01.jpg,第28弾,
15-350-A001,新潟県,村上市 (A001),http://www.gk-p.jp/wp-content/uploads/mhc/15-212-A-01.jpg,第4弾,
15-350-B001,新潟県,村上市 (B001),http://www.gk-p.jp/wp-content/uploads/mhc/15-212-B-01.jpg,第5弾,
15-350-C001,新潟県,村上市 (C001),http://www.gk-p.jp/wp-content/uploads/mhc/15-212-C-01.jpg,第6弾,
15-350-D001,新潟県,村上市 (D001),http://www.gk-p.jp/wp-content/uploads/mhc/15-212-D-01.jpg,第8弾,
15-350-E001,新潟県,村上市(E001),http://www.gk-p.jp/wp-content/uploads/mhc/15-212-E-01.jpg,第11弾,
15-351-A001,新潟県,柏崎市 (A001),http://www.gk-p.jp/wp-content/uploads/mhc/15-205-A-01.jpg,第09弾,
15-351-B001,新潟県,柏崎市 (B001),http://www.gk-p.jp/wp-content/uploads/mhc/15-205-B-01.jpg,第13弾,
15-352-A001,新潟県,燕市 (A001),http://www.gk-p.jp/wp-content/uploads/mhc/15-213-A-02.jpg,第06弾,
15-352-B001,新潟県,燕市 (B001),http://www.gk-p.jp/wp-content/uploads/mhc/15-213-B-01.jpg,第10弾,
15-352-C001,新潟県,燕市 (C001),http://www.gk-p.jp/wp-content/uploads/mhc/15-213-C01.jpg,第16弾,
15-352-D001,新潟県,燕市 (D001),http://www.gk-p.jp/wp-content/uploads/mhc/15-213-D01.jpg,第17弾,
15-352-E001,新潟県,燕市 (E001),http://www.gk-p.jp/wp-content/uploads/mhc/15-213-E-01.jpg,第29弾,15-213-E
15-353-A001,新潟県,糸魚川市,http://www.gk-p.jp/wp-content/uploads/mhc/15-216-A-01.jpg,第10弾,
15-354-A001,新潟県,胎内市 (A001),http://www.gk-p.jp/wp-content/uploads/mhc/15-227-A-01.jpg,第10弾,
15-354-B001,新潟県,胎内市 (B001),http://www.gk-p.jp/wp-content/uploads/mhc/15-227-B-01.jpg,第21弾,
15-355-A001,新潟県,見附市,http://www.gk-p.jp/wp-content/uploads/mhc/15-211-A01.jpg,第17弾,
15-356-A001,新潟県,長岡市 (A001),http://www.gk-p.jp/wp-content/uploads/mhc/15-202-A-01.jpg,第07弾,
15-356-B001,新潟県,長岡市 (B001),http://www.gk-p.jp/wp-content/uploads/mhc/15-202-B-01.jpg,第13弾,
15-356-C001,新潟県,長岡市 (C001),http://www.gk-p.jp/wp-content/uploads/mhc/15-202-C-01.jpg,第14弾,
15-356-D001,新潟県,長岡市 (D001),http://www.gk-p.jp/wp-content/uploads/mhc/15-202-D-01.jpg,第18弾,
15-356-E001,新潟県,長岡市 (E001),http://www.gk-p.jp/wp-content/uploads/mhc/15-202-E-01.jpg,第19弾,
15-356-F001,新潟県,長岡市 (F001),http://www.gk-p.jp/wp-content/uploads/mhc/15-202-F-01.jpg,第22弾,
15-356-G001,新潟県,長岡市 (G001),http://www.gk-p.jp/wp-content/uploads/mhc/15-202-G-01.jpg,第29弾,15-202-G
15-357-A001,新潟県,阿賀野市,http://www.gk-p.jp/wp-content/uploads/mhc/15-223-A-01.jpg,第8弾,
16-358-A001,富山県,富山市 (A001),http://www.gk-p.jp/wp-content/uploads/mhc/16-201-A-01.jpg,第02弾,
16-358-B001,富山県,富山市 (B001),http://www.gk-p.jp/wp-content/uploads/mhc/16-201-B-01.jpg,第9弾,
16-358-C001,富山県,富山市(C001),http://www.gk-p.jp/wp-content/uploads/mhc/16-201-C-01.jpg,第11弾,
16-358-D001,富山県,富山市 (D001),http://www.gk-p.jp/wp-content/uploads/mhc/16-201-D-01.jpg,第13弾,
16-358-E001,富山県,富山市 (E001),http://www.gk-p.jp/wp-content/uploads/mhc/16-201-E-01.jpg,第15弾,
16-358-F001,富山県,富山市 (F001),http://www.gk-p.jp/wp-content/uploads/mhc/16-201-F01.jpg,第16弾,
16-358-G001,富山県,富山市 (G001),http://www.gk-p.jp/wp-content/uploads/mhc/16-201-G01.jpg,第17弾,
16-358-H001,富山県,富山市 (H001),http://www.gk-p.jp/wp-content/uploads/mhc/16-201-H-01.jpg,第24弾,
16-358-I001,富山県,富山市 (I001),http://www.gk-p.jp/wp-content/uploads/mhc/16-201-I-01.jpg,第28弾,
16-359-A001,富山県,射水市,http://www.gk-p.jp/wp-content/uploads/mhc/16-211-A-01.jpg,第5弾,
16-360-A001,富山県,小矢部市 (A001),http://www.gk-p.jp/wp-content/uploads/mhc/16-209-A-01.jpg,第10弾,
16-360-B001,富山県,小矢部市 (B001),http://www.gk-p.jp/wp-content/uploads/mhc/16-209-B01.jpg,第17弾,
16-361-A001,富山県,氷見市,http://www.gk-p.jp/wp-content/uploads/mhc/16-205-A-01.jpg,第6弾,
16-362-A001,富山県,滑川市,http://www.gk-p.jp/wp-content/uploads/mhc/16-206-A-01.jpg,第23弾,
16-363-A001,富山県,砺波市,http://www.gk-p.jp/wp-content/uploads/mhc/16-208-A-01.jpg,第14弾,
16-364-A001,富山県,舟橋村,http://www.gk-p.jp/wp-content/uploads/mhc/16-321-A-01.jpg,第9弾,
16-365-A001,富山県,高岡市 (A001),http://www.gk-p.jp/wp-content/uploads/mhc/16-202-A-01.jpg,第09弾,
16-365-B001,富山県,高岡市 (B001),http://www.gk-p.jp/wp-content/uploads/mhc/16-202-B-01.jpg,第14弾,
17-366-A001,石川県,かほく市,http://www.gk-p.jp/wp-content/uploads/mhc/17-209-A-01.jpg,第2弾,
17-367-A001,石川県,中能登町,http://www.gk-p.jp/wp-content/uploads/mhc/17-407-A-01.jpg,第12弾,
17-368-A001,石川県,志賀町,http://www.gk-p.jp/wp-content/uploads/mhc/17-384-A-01.jpg,第8弾,
17-369-A001,石川県,穴水町 (A001),http://www.gk-p.jp/wp-content/uploads/mhc/17-461-A-01.jpg,第25弾,
17-369-B001,石川県,穴水町 (B001),http://www.gk-p.jp/wp-content/uploads/mhc/17-461-B-01.jpg,第28弾,
17-370-A001,石川県,能登町,http://www.gk-p.jp/wp-content/uploads/mhc/17-463-A01.jpg,第16弾,
17-370-B001,石川県,能登町 (B001),http://www.gk-p.jp/wp-content/uploads/mhc/17-463-B-01.jpg,第18弾,
17-370-C001,石川県,能登町 (C001),http://www.gk-p.jp/wp-content/uploads/mhc/17-463-C-01.jpg,第20弾,
17-371-A001,石川県,輪島市 (A001),http://www.gk-p.jp/wp-content/uploads/mhc/17-204-A-01.jpg,第11弾,
17-371-B001,石川県,輪島市 (B001),http://www.gk-p.jp/wp-content/uploads/mhc/17-204-B-01.jpg,第13弾,
17-372-A001,石川県,金沢市,http://www.gk-p.jp/wp-content/uploads/mhc/17-201-A-01.jpg,第23弾,
18-373-A001,福井県,勝山市 (A001),http://www.gk-p.jp/wp-content/uploads/mhc/18-206-A-01.jpg,第04弾,
18-373-B001,福井県,勝山市 (B001),http://www.gk-p.jp/wp-content/uploads/mhc/18-206-B-01.jpg,第22弾,
18-374-A001,福井県,大野市,http://www.gk-p.jp/wp-content/uploads/mhc/18-205-A-01.jpg,第3弾,
18-375-A001,福井県,敦賀市 (A001),http://www.gk-p.jp/wp-content/uploads/mhc/18-202-A-01.jpg,第06弾,
18-375-B001,福井県,敦賀市 (B001),http://www.gk-p.jp/wp-content/uploads/mhc/18-202-B01.jpg,第17弾,
18-376-A001,福井県,福井市 (A001),http://www.gk-p.jp/wp-content/uploads/mhc/18-201-A-01.jpg,第02弾,
18-376-B001,福井県,福井市 (B001),http://www.gk-p.jp/wp-content/uploads/mhc/18-201-B-01.jpg,第08弾,
18-377-A001,福井県,若狭町,http://www.gk-p.jp/wp-content/uploads/mhc/18-501-A-01.jpg,第26弾,
18-378-A001,福井県,越前市,http://www.gk-p.jp/wp-content/uploads/mhc/18-209-A-01.jpg,第8弾,
18-379-A001,福井県,高浜町,http://www.gk-p.jp/wp-content/uploads/mhc/18-481-A-01.jpg,第12弾,
19-380-A001,山梨県,上野原市,http://www.gk-p.jp/wp-content/uploads/mhc/19-212-A-01.jpg,第3弾,
19-381-A001,山梨県,中央市,http://www.gk-p.jp/wp-content/uploads/mhc/19-214-A-01.jpg,第2弾,
19-382-A001,山梨県,南アルプス市 (A001),http://www.gk-p.jp/wp-content/uploads/mhc/19-208-A-01.jpg,第13弾,
19-382-B001,山梨県,南アルプス市 (B001),http://www.gk-p.jp/wp-content/uploads/mhc/19-208-B-01.jpg,第26弾,
19-383-A001,山梨県,大月市,http://www.gk-p.jp/wp-content/uploads/mhc/19-206-A-01.jpg,第21弾,
19-384-A001,山梨県,富士河口湖町 (A001),http://www.gk-p.jp/wp-content/uploads/mhc/19-430-A01.jpg,第16弾,
19-384-B001,山梨県,富士河口湖町 (B001),http://www.gk-p.jp/wp-content/uploads/mhc/19-430-B-01.jpg,第19弾,
19-384-C001,山梨県,富士河口湖町 (C001),http://www.gk-p.jp/wp-content/uploads/mhc/19-430-C-01.jpg,第24弾,
19-385-A001,山梨県,甲府市 (A001),http://www.gk-p.jp/wp-content/uploads/mhc/19-201-A-01.jpg,第08弾,
19-385-B001,山梨県,甲府市 (B001),http://www.gk-p.jp/wp-content/uploads/mhc/19-201-B-01.jpg,第12弾,
19-385-C001,山梨県,甲府市(C001),http://www.gk-p.jp/wp-content/uploads/mhc/19-201-C-01.jpg,第27弾,
19-386-A001,山梨県,甲斐市 (A001),http://www.gk-p.jp/wp-content/uploads/mhc/19-210-A-01.jpg,第2弾,
19-386-B001,山梨県,甲斐市 (B001),http://www.gk-p.jp/wp-content/uploads/mhc/19-210-B-01.jpg,第9弾,
19-387-A001,山梨県,都留市 (A001),http://www.gk-p.jp/wp-content/uploads/mhc/19-204-A-01.jpg,第21弾,
19-387-B001,山梨県,都留市 (B001),http://www.gk-p.jp/wp-content/uploads/mhc/19-204-B-01.jpg,第27弾,
20-388-A001,長野県,上田市 (A001),http://www.gk-p.jp/wp-content/uploads/mhc/20-203-A-01.jpg,第18弾,
20-388-B001,長野県,上田市 (B001),http://www.gk-p.jp/wp-content/uploads/mhc/20-203-B-01.jpg,第20弾,
20-388-C001,長野県,上田市 (C001),http://www.gk-p.jp/wp-content/uploads/mhc/20-203-C-01.jpg,第25弾,
20-388-D001,長野県,上田市 (D001),http://www.gk-p.jp/wp-content/uploads/mhc/20-203-D-01.jpg,第28弾,
20-389-A001,長野県,下諏訪町 (A001),http://www.gk-p.jp/wp-content/uploads/mhc/20-361-A-01.jpg,第14弾,
20-389-B001,長野県,下諏訪町 (B001),http://www.gk-p.jp/wp-content/uploads/mhc/20-361-B-01.jpg,第22弾,
20-389-C001,長野県,下諏訪町 (C001),http://www.gk-p.jp/wp-content/uploads/mhc/20-361-C-01.jpg,第23弾,
20-390-A001,長野県,中野市 (A001),http://www.gk-p.jp/wp-content/uploads/mhc/20-211-A-01.jpg,第28弾,
20-391-A001,長野県,伊那市 (A001),http://www.gk-p.jp/wp-content/uploads/mhc/20-209-A-01.jpg,第11弾,
20-391-B001,長野県,伊那市 (B001),http://www.gk-p.jp/wp-content/uploads/mhc/20-209-B-01.jpg,第12弾,
20-391-C001,長野県,伊那市 (C001),http://www.gk-p.jp/wp-content/uploads/mhc/20-209-C-01.jpg,第14弾,
20-392-A001,長野県,佐久市 (A001),http://www.gk-p.jp/wp-content/uploads/mhc/20-217-A-01.jpg,第11弾,
20-392-B001,長野県,佐久市 (B001),http://www.gk-p.jp/wp-content/uploads/mhc/20-217-B-01.jpg,第15弾,
20-392-C001,長野県,佐久市 (C001),http://www.gk-p.jp/wp-content/uploads/mhc/20-217-C-01.jpg,第18弾,
20-392-D001,長野県,佐久市 (D001),http://www.gk-p.jp/wp-content/uploads/mhc/20-217-D-01.jpg,第24弾,
20-393-A001,長野県,千曲市 (A001),http://www.gk-p.jp/wp-content/uploads/mhc/20-218-A-01.jpg,第7弾,
20-393-B001,長野県,千曲市 (B001),http://www.gk-p.jp/wp-content/uploads/mhc/20-218-B-01.jpg,第8弾,
20-393-C001,長野県,千曲市(C001),http://www.gk-p.jp/wp-content/uploads/mhc/20-218-C-01.jpg,第11弾,
20-393-D001,長野県,千曲市 (D001),http://www.gk-p.jp/wp-content/uploads/mhc/20-218-D-01.jpg,第29弾,20-218-D
20-394-A001,長野県,南木曽町,http://www.gk-p.jp/wp-content/uploads/mhc/20-423-A-01.jpg,第11弾,
20-395-A001,長野県,南箕輪村,http://www.gk-p.jp/wp-content/uploads/mhc/20-385-A-01.jpg,第12弾,
20-396-A001,長野県,大桑村,http://www.gk-p.jp/wp-content/uploads/mhc/20-430-A-01.jpg,第14弾,
20-397-A001,長野県,大町市,http://www.gk-p.jp/wp-content/uploads/mhc/20-212-A-01.jpg,第9弾,
20-398-A001,長野県,安曇野市,http://www.gk-p.jp/wp-content/uploads/mhc/20-220-A-01.jpg,第14弾,
20-399-A001,長野県,小布施町 (A001),http://www.gk-p.jp/wp-content/uploads/mhc/20-541-A-01.jpg,第22弾,
20-399-B001,長野県,小布施町 (B001),http://www.gk-p.jp/wp-content/uploads/mhc/20-541-B-01.jpg,第25弾,
20-400-A001,長野県,小諸市 (A001),http://www.gk-p.jp/wp-content/uploads/mhc/20-208-A-01.jpg,第06弾,
20-400-B001,長野県,小諸市 (B001),http://www.gk-p.jp/wp-content/uploads/mhc/20-208-B-01.jpg,第19弾,
20-400-C001,長野県,小諸市 (C001),http://www.gk-p.jp/wp-content/uploads/mhc/20-208-C-01.jpg,第26弾,
20-401-A001,長野県,岡谷市,http://www.gk-p.jp/wp-content/uploads/mhc/20-204-A-01.jpg,第12弾,
20-402-A001,長野県,朝日村,http://www.gk-p.jp/wp-content/uploads/mhc/20-451-A-01.jpg,第9弾,
20-403-A001,長野県,東御市,http://www.gk-p.jp/wp-content/uploads/mhc/20-219-A-01.jpg,第19弾,
20-404-A001,長野県,松本市,http://www.gk-p.jp/wp-content/uploads/mhc/20-202-A-01.jpg,第6弾,
20-405-A001,長野県,筑北村,http://www.gk-p.jp/wp-content/uploads/mhc/20-452-A.jpg,第18弾,
20-406-A001,長野県,茅野市,http://www.gk-p.jp/wp-content/uploads/mhc/20-214-A-01.jpg,第6弾,
20-407-A001,長野県,諏訪市,http://www.gk-p.jp/wp-content/uploads/mhc/20-206-A-01.jpg,第11弾,
20-408-A001,長野県,軽井沢町 (A001),http://www.gk-p.jp/wp-content/uploads/mhc/20-321-A-01.jpg,第26弾,
20-408-B001,長野県,軽井沢町 (B001),http://www.gk-p.jp/wp-content/uploads/mhc/20-321-B-01.jpg,第29弾,20-321-B
20-409-A001,長野県,長野市,http://www.gk-p.jp/wp-content/uploads/mhc/20-201-A-01.jpg,第14弾,
20-410-流域下水道・A001,長野県,長野県 (流域下水道・A001),http://www.gk-p.jp/wp-content/uploads/mhc/20-000-A-01.jpg,第01弾,
20-410-流域下水道・B001,長野県,長野県 (流域下水道・B001),http://www.gk-p.jp/wp-content/uploads/mhc/20-000-B-01.jpg,第03弾,
20-410-流域下水道・C001,長野県,長野県(流域下水道・C001),http://www.gk-p.jp/wp-content/uploads/mhc/20-000-C-01.jpg,第11弾,
20-410-流域下水道・D001,長野県,長野県 (流域下水道・D001),http://www.gk-p.jp/wp-content/uploads/mhc/20-000-D-01.jpg,第23弾,
20-410-流域下水道・E001,長野県,長野県 (流域下水道・E001),http://www.gk-p.jp/wp-content/uploads/mhc/20-000-E-01.jpg,第27弾,
20-411-A001,長野県,飯山市,http://www.gk-p.jp/wp-content/uploads/mhc/20-213-A-01.jpg,第5弾,
20-412-A001,長野県,飯田市 (A001),http://www.gk-p.jp/wp-content/uploads/mhc/20-205-A-01.jpg,第10弾,
20-412-B001,長野県,飯田市 (B001),http://www.gk-p.jp/wp-content/uploads/mhc/20-205-B-01.jpg,第13弾,
20-413-A001,長野県,駒ヶ根市,http://www.gk-p.jp/wp-content/uploads/mhc/20-210-A01.jpg,第16弾,
20-414-A001,長野県,高森町 (A001),http://www.gk-p.jp/wp-content/uploads/mhc/20-403-A01.jpg,第16弾,
20-414-B001,長野県,高森町 (B001),http://www.gk-p.jp/wp-content/uploads/mhc/20-403-B-01.jpg,第22弾,
21-415-A001,岐阜県,中津川市 (A001),http://www.gk-p.jp/wp-content/uploads/mhc/21-206-A-01.jpg,第5弾,
21-415-B001,岐阜県,中津川市 (B001),http://www.gk-p.jp/wp-content/uploads/mhc/21-206-B-01.jpg,第29弾,21-206-B
21-416-A001,岐阜県,八百津町 (A001),http://www.gk-p.jp/wp-content/uploads/mhc/21-505-A-01.jpg,第29弾,21-505-A
21-417-A001,岐阜県,各務原市,http://www.gk-p.jp/wp-content/uploads/mhc/21-213-A-01.jpg,第19弾,
21-418-A001,岐阜県,垂井町,http://www.gk-p.jp/wp-content/uploads/mhc/21-361-A-01.jpg,第11弾,
21-419-A001,岐阜県,多治見市 (A001),http://www.gk-p.jp/wp-content/uploads/mhc/21-204-A-01.jpg,第28弾,
21-420-A001,岐阜県,大垣市,http://www.gk-p.jp/wp-content/uploads/mhc/21-202-A-01.jpg,第8弾,
21-421-A001,岐阜県,恵那市 (A001),http://www.gk-p.jp/wp-content/uploads/mhc/21-210-A-01.jpg,第21弾,
21-421-B001,岐阜県,恵那市 (B001),http://www.gk-p.jp/wp-content/uploads/mhc/21-210-B-01.jpg,第24弾,
21-422-A001,岐阜県,池田町 (A001),http://www.gk-p.jp/wp-content/uploads/mhc/21-404-A-01.jpg,第1弾,
21-422-B001,岐阜県,池田町 (B001),http://www.gk-p.jp/wp-content/uploads/mhc/21-404-B-01.jpg,第2弾,
21-423-A001,岐阜県,海津市,http://www.gk-p.jp/wp-content/uploads/mhc/21-221-A-01.jpg,第21弾,
21-424-A001,岐阜県,瑞穂市,http://www.gk-p.jp/wp-content/uploads/mhc/21-216-A-01.jpg,第2弾,
21-425-A001,岐阜県,美濃加茂市,http://www.gk-p.jp/wp-content/uploads/mhc/21-211-A-01.jpg,第8弾,
21-426-A001,岐阜県,郡上市 (A001),http://www.gk-p.jp/wp-content/uploads/mhc/21-219-A-01.jpg,第05弾,
21-426-B001,岐阜県,郡上市 (B001),http://www.gk-p.jp/wp-content/uploads/mhc/21-219-B-01.jpg,第10弾,
21-426-C001,岐阜県,郡上市 (C001),http://www.gk-p.jp/wp-content/uploads/mhc/21-219-C-01.jpg,第13弾,
21-426-D001,岐阜県,郡上市 (D001),http://www.gk-p.jp/wp-content/uploads/mhc/21-219-D-01.jpg,第24弾,
21-427-A001,岐阜県,関市,http://www.gk-p.jp/wp-content/uploads/mhc/21-205-A-01.jpg,第8弾,
21-428-A001,岐阜県,飛騨市 (A001),http://www.gk-p.jp/wp-content/uploads/mhc/21-217-A-01.jpg,第09弾,
21-428-B001,岐阜県,飛騨市 (B001),http://www.gk-p.jp/wp-content/uploads/mhc/21-217-B-01.jpg,第10弾,
21-429-A001,岐阜県,高山市(A001),http://www.gk-p.jp/wp-content/uploads/mhc/21-203-A-01.jpg,第09弾,
21-429-B001,岐阜県,高山市(B001),http://www.gk-p.jp/wp-content/uploads/mhc/21-203-B-01.jpg,第11弾,
21-429-C001,岐阜県,高山市 (C001),http://www.gk-p.jp/wp-content/uploads/mhc/21-203-C-01.jpg,第13弾,
21-429-D001,岐阜県,高山市 (D001),http://www.gk-p.jp/wp-content/uploads/mhc/21-203-D-01.jpg,第14弾,
21-429-E001,岐阜県,高山市 (E001),http://www.gk-p.jp/wp-content/uploads/mhc/21-203-E-01.jpg,第15弾,
21-429-F001,岐阜県,高山市 (F001),http://www.gk-p.jp/wp-content/uploads/mhc/21-203-F01.jpg,第17弾,
21-429-G001,岐阜県,高山市 (G001),http://www.gk-p.jp/wp-content/uploads/mhc/21-203-G-01.jpg,第18弾,
21-429-H001,岐阜県,高山市 (H001),http://www.gk-p.jp/wp-content/uploads/mhc/21-203-H-01.jpg,第20弾,
21-429-I001,岐阜県,高山市 (I001),http://www.gk-p.jp/wp-content/uploads/mhc/21-203-I-01.jpg,第22弾,
22-430-A001,静岡県,三島市,http://www.gk-p.jp/wp-content/uploads/mhc/22-206-A-01.jpg,第11弾,
22-431-A001,静岡県,下田市,http://www.gk-p.jp/wp-content/uploads/mhc/22-219-A-01.jpg,第20弾,
22-432-A001,静岡県,伊東市,http://www.gk-p.jp/wp-content/uploads/mhc/22-208-A-01.jpg,第11弾,
22-433-A001,静岡県,伊豆の国市,http://www.gk-p.jp/wp-content/uploads/mhc/22-225-A-01.jpg,第11弾,
22-434-A001,静岡県,南伊豆町,http://www.gk-p.jp/wp-content/uploads/mhc/22-304-A-01.jpg,第3弾,
22-435-A001,静岡県,吉田町,http://www.gk-p.jp/wp-content/uploads/mhc/22-424-A-01.jpg,第13弾,
22-436-A001,静岡県,富士宮市 (A001),http://www.gk-p.jp/wp-content/uploads/mhc/22-207-A-01.jpg,第12弾,
22-436-B001,静岡県,富士宮市 (B001),http://www.gk-p.jp/wp-content/uploads/mhc/22-207-B-01.jpg,第13弾,
22-436-C001,静岡県,富士宮市 (C001),http://www.gk-p.jp/wp-content/uploads/mhc/22-207-C-01.jpg,第14弾,
22-437-A001,静岡県,富士市 (A001),http://www.gk-p.jp/wp-content/uploads/mhc/22-210-A-01.jpg,第1弾,
22-437-C001,静岡県,富士市 (C001),http://www.gk-p.jp/wp-content/uploads/mhc/22-210-C-01.jpg,第29弾,22-210-C
22-438-B001,静岡県,富士市 (B001) 岳南排水路管理組合,http://www.gk-p.jp/wp-content/uploads/mhc/22-210-B-02.jpg,第13弾,
22-439-A001,静岡県,小山町,http://www.gk-p.jp/wp-content/uploads/mhc/22-344-A-01.jpg,第8弾,
22-440-A001,静岡県,御殿場市,http://www.gk-p.jp/wp-content/uploads/mhc/22-215-A-01.jpg,第9弾,
22-441-A001,静岡県,掛川市,http://www.gk-p.jp/wp-content/uploads/mhc/22-213-A-01.jpg,第11弾,
22-442-A001,静岡県,森町,http://www.gk-p.jp/wp-content/uploads/mhc/22-461-A-01.jpg,第19弾,
22-443-A001,静岡県,沼津市(A001),http://www.gk-p.jp/wp-content/uploads/mhc/22-203-A-01.jpg,第5弾,
22-443-B001,静岡県,沼津市(B001),http://www.gk-p.jp/wp-content/uploads/mhc/22-203-B-01.jpg,第11弾,
22-444-A001,静岡県,浜松市 (A001),http://www.gk-p.jp/wp-content/uploads/mhc/22-130-A-01.jpg,第04弾,
22-444-B001,静岡県,浜松市 (B001),http://www.gk-p.jp/wp-content/uploads/mhc/22-130-B-01.jpg,第21弾,
22-445-A001,静岡県,湖西市 (A001),http://www.gk-p.jp/wp-content/uploads/mhc/22-221-A-01.jpg,第19弾,
22-445-B001,静岡県,湖西市 (B001),http://www.gk-p.jp/wp-content/uploads/mhc/22-221-B-01.jpg,第29弾,22-221-B
22-446-A001,静岡県,焼津市,http://www.gk-p.jp/wp-content/uploads/mhc/22-212-A-01.jpg,第6弾,
22-447-A001,静岡県,熱海市 (A001),http://www.gk-p.jp/wp-content/uploads/mhc/22-205-A-01.jpg,第8弾,
22-447-B001,静岡県,熱海市 (B001),http://www.gk-p.jp/wp-content/uploads/mhc/22-205-B-01.jpg,第9弾,
22-448-A001,静岡県,磐田市,http://www.gk-p.jp/wp-content/uploads/mhc/22-211-A-01.jpg,第7弾,
22-449-A001,静岡県,藤枝市,http://www.gk-p.jp/wp-content/uploads/mhc/22-214-A-01.jpg,第8弾,
22-450-A001,静岡県,裾野市,http://www.gk-p.jp/wp-content/uploads/mhc/22-220-A-01.jpg,第27弾,
22-451-A001,静岡県,長泉町 (A001),http://www.gk-p.jp/wp-content/uploads/mhc/22-342-A-01.jpg,第08弾,
22-451-B001,静岡県,長泉町 (B001),http://www.gk-p.jp/wp-content/uploads/mhc/22-342-B-01.jpg,第24弾,
22-452-A001,静岡県,静岡市 (A001),http://www.gk-p.jp/wp-content/uploads/mhc/22-100-A02.jpg,第4弾,
22-452-B001,静岡県,静岡市 (B001),http://www.gk-p.jp/wp-content/uploads/mhc/22-100-B-01.jpg,第9弾,
23-453-A001,愛知県,みよし市,http://www.gk-p.jp/wp-content/uploads/mhc/23-236-A-01.jpg,第14弾,
23-453-B001,愛知県,みよし市 (B001),http://www.gk-p.jp/wp-content/uploads/mhc/23-236-B-01.jpg,第19弾,
23-453-C001,愛知県,みよし市 (C001),http://www.gk-p.jp/wp-content/uploads/mhc/23-236-C-01.jpg,第28弾,
23-454-A001,愛知県,一宮市,http://www.gk-p.jp/wp-content/uploads/mhc/23-203-A-01.jpg,第4弾,
23-455-A001,愛知県,刈谷市,http://www.gk-p.jp/wp-content/uploads/mhc/23-210-A-01.jpg,第14弾,
23-456-A001,愛知県,北名古屋市,http://www.gk-p.jp/wp-content/uploads/mhc/23-234A.jpg,第8弾,
23-457-A001,愛知県,半田市(A001),http://www.gk-p.jp/wp-content/uploads/mhc/23-205-A-01.jpg,第09弾,
23-457-B001,愛知県,半田市(B001),http://www.gk-p.jp/wp-content/uploads/mhc/23-205-B-01.jpg,第11弾,
23-457-C001,愛知県,半田市 (C001),http://www.gk-p.jp/wp-content/uploads/mhc/23-205-C01.jpg,第16弾,
23-458-A001,愛知県,名古屋市 (A001),http://www.gk-p.jp/wp-content/uploads/mhc/23-100-A-01.jpg,第1弾,
23-458-B001,愛知県,名古屋市 (B001),http://www.gk-p.jp/wp-content/uploads/mhc/23-100-B-01.jpg,第2弾,
23-459-A001,愛知県,大口町,http://www.gk-p.jp/wp-content/uploads/mhc/23-361-A-01.jpg,第26弾,
23-460-A001,愛知県,大府市,http://www.gk-p.jp/wp-content/uploads/mhc/23-223-A-01.jpg,第10弾,
23-461-A001,愛知県,大治町,http://www.gk-p.jp/wp-content/uploads/mhc/23-424-A-01.jpg,第15弾,
23-462-A001,愛知県,安城市 (A001),http://www.gk-p.jp/wp-content/uploads/mhc/23-212-A-01.jpg,第03弾,
23-462-B001,愛知県,安城市 (B001),http://www.gk-p.jp/wp-content/uploads/mhc/23-212-B-01.jpg,第19弾,
23-463-A001,愛知県,小牧市,http://www.gk-p.jp/wp-content/uploads/mhc/23-219-A-01.jpg,第13弾,
23-464-A001,愛知県,尾張旭市,http://www.gk-p.jp/wp-content/uploads/mhc/23-226-A02.jpg,第5弾,
23-465-A001,愛知県,岡崎市(A001),http://www.gk-p.jp/wp-content/uploads/mhc/23-202-A-01.jpg,第02弾,
23-465-B001,愛知県,岡崎市(B001),http://www.gk-p.jp/wp-content/uploads/mhc/23-202-B-01.jpg,第11弾,
23-465-C001,愛知県,岡崎市 (C001),http://www.gk-p.jp/wp-content/uploads/mhc/23-202-C-01.jpg,第13弾,
23-465-D001,愛知県,岡崎市 (D001),http://www.gk-p.jp/wp-content/uploads/mhc/23-202-D-01.jpg,第14弾,
23-465-E001,愛知県,岡崎市 (E001),http://www.gk-p.jp/wp-content/uploads/mhc/23-202-E-01.jpg,第15弾,
23-465-F001,愛知県,岡崎市 (F001),http://www.gk-p.jp/wp-content/uploads/mhc/23-202-F01.jpg,第17弾,
23-465-G001,愛知県,岡崎市 (G001),http://www.gk-p.jp/wp-content/uploads/mhc/23-202-G-01.jpg,第21弾,
23-466-A001,愛知県,常滑市 (A001),http://www.gk-p.jp/wp-content/uploads/mhc/23-216-A-01.jpg,第23弾,
23-466-B001,愛知県,常滑市(B001),http://www.gk-p.jp/wp-content/uploads/mhc/23-216-B-01.jpg,第27弾,
23-467-A001,愛知県,幸田町,http://www.gk-p.jp/wp-content/uploads/mhc/23-501-A-01.jpg,第25弾,
23-468-A001,愛知県,弥富市,http://www.gk-p.jp/wp-content/uploads/mhc/23-235-A-01.jpg,第18弾,
23-469-流域下水道,愛知県,愛知県 (流域下水道),http://www.gk-p.jp/wp-content/uploads/mhc/23-000-A-01.jpg,第9弾,
23-470-A001,愛知県,愛西市,http://www.gk-p.jp/wp-content/uploads/mhc/23-232-A-01.jpg,第21弾,
23-471-A001,愛知県,扶桑町,http://www.gk-p.jp/wp-content/uploads/mhc/23-362-A-01.jpg,第11弾,
23-472-A001,愛知県,東浦町,http://www.gk-p.jp/wp-content/uploads/mhc/23-442-A-01.jpg,第9弾,
23-473-A001,愛知県,武豊町,http://www.gk-p.jp/wp-content/uploads/mhc/23-447-A-01.jpg,第13弾,
23-474-A001,愛知県,江南市,http://www.gk-p.jp/wp-content/uploads/mhc/23-217-A-01.jpg,第12弾,
23-475-A001,愛知県,津島市,http://www.gk-p.jp/wp-content/uploads/mhc/23-208-A01.jpg,第17弾,
23-476-A001,愛知県,瀬戸市 (A001),http://www.gk-p.jp/wp-content/uploads/mhc/23-204-A-01.jpg,第03弾,
23-476-B001,愛知県,瀬戸市 (B001),http://www.gk-p.jp/wp-content/uploads/mhc/23-204-B-01.jpg,第19弾,
23-477-A001,愛知県,犬山市,http://www.gk-p.jp/wp-content/uploads/mhc/23-215-A-01.jpg,第9弾,
23-478-A001,愛知県,知多市,http://www.gk-p.jp/wp-content/uploads/mhc/23-224-A-01.jpg,第13弾,
23-479-A001,愛知県,知立市,http://www.gk-p.jp/wp-content/uploads/mhc/23-225-A-01.jpg,第20弾,
23-480-A001,愛知県,碧南市,http://www.gk-p.jp/wp-content/uploads/mhc/23-209-A-01.jpg,第9弾,
23-481-A001,愛知県,稲沢市,http://www.gk-p.jp/wp-content/uploads/mhc/23-220-A-01.jpg,第5弾,
23-482-A001,愛知県,蒲郡市,http://www.gk-p.jp/wp-content/uploads/mhc/23-214-A-01.jpg,第21弾,
23-483-A001,愛知県,蟹江町,http://www.gk-p.jp/wp-content/uploads/mhc/23-425-A-01.jpg,第10弾,
23-484-A001,愛知県,西尾市,http://www.gk-p.jp/wp-content/uploads/mhc/23-213-A-01.jpg,第20弾,
23-485-A001,愛知県,設楽町,http://www.gk-p.jp/wp-content/uploads/mhc/23-561-A-01.jpg,第15弾,
23-486-A001,愛知県,豊山町,http://www.gk-p.jp/wp-content/uploads/mhc/23-342-A-01.jpg,第6弾,
23-487-A001,愛知県,豊川市,http://www.gk-p.jp/wp-content/uploads/mhc/23-207-A-01.jpg,第1弾,
23-488-A001,愛知県,豊明市,http://www.gk-p.jp/wp-content/uploads/mhc/23-229-A-01.jpg,第5弾,
23-489-A001,愛知県,豊橋市 (A001),http://www.gk-p.jp/wp-content/uploads/mhc/23-201-A-01.jpg,第2弾,
23-489-B001,愛知県,豊橋市 (B001),http://www.gk-p.jp/wp-content/uploads/mhc/23-201-B-01.jpg,第2弾,
23-489-C001,愛知県,豊橋市 (C001),http://www.gk-p.jp/wp-content/uploads/mhc/23-201-C-01.jpg,第2弾,
23-490-A001,愛知県,豊田市 (A001),http://www.gk-p.jp/wp-content/uploads/mhc/23-211-A-01.jpg,第02弾,
23-490-B001,愛知県,豊田市 (B001),http://www.gk-p.jp/wp-content/uploads/mhc/23-211-B-01.jpg,第10弾,
23-490-C001,愛知県,豊田市 (C001),http://www.gk-p.jp/wp-content/uploads/mhc/23-211-C-01.jpg,第23弾,
23-491-A001,愛知県,長久手市,http://www.gk-p.jp/wp-content/uploads/mhc/23-238-A-01.jpg,第5弾,
23-492-A001,愛知県,阿久比町,http://www.gk-p.jp/wp-content/uploads/mhc/23-441-A-01.jpg,第8弾,
23-493-A001,愛知県,高浜市 (A001),http://www.gk-p.jp/wp-content/uploads/mhc/23-227-A-01.jpg,第04弾,
23-493-B001,愛知県,高浜市 (B001),http://www.gk-p.jp/wp-content/uploads/mhc/23-227-B-01.jpg,第15弾,
24-494-A001,三重県,亀山市 (A001),http://www.gk-p.jp/wp-content/uploads/mhc/24-210-A-01.jpg,第04弾,
24-494-B001,三重県,亀山市 (B001),http://www.gk-p.jp/wp-content/uploads/mhc/24-210-B-01.jpg,第26弾,
24-495-A001,三重県,伊勢市 (A001),http://www.gk-p.jp/wp-content/uploads/mhc/24-203-A-01.jpg,第7弾,
24-495-B001,三重県,伊勢市 (B001),http://www.gk-p.jp/wp-content/uploads/mhc/24-203-B-01.jpg,第12弾,
24-496-A001,三重県,伊賀市,http://www.gk-p.jp/wp-content/uploads/mhc/24-216-A-01.jpg,第5弾,
24-497-A001,三重県,四日市市 (A001),http://www.gk-p.jp/wp-content/uploads/mhc/24-202-A-01.jpg,第5弾,
24-497-B001,三重県,四日市市 (B001),http://www.gk-p.jp/wp-content/uploads/mhc/24-202-B-01.jpg,第9弾,
24-497-C001,三重県,四日市市 (C001),http://www.gk-p.jp/wp-content/uploads/mhc/24-202-C-01.jpg,第13弾,
24-498-A001,三重県,志摩市,http://www.gk-p.jp/wp-content/uploads/mhc/24-215-A-01.jpg,第24弾,
24-499-A001,三重県,東員町,http://www.gk-p.jp/wp-content/uploads/mhc/24-324-A-01.jpg,第8弾,
24-500-A001,三重県,松阪市(A001),http://www.gk-p.jp/wp-content/uploads/mhc/24-204-A-01.jpg,第3弾,
24-500-B001,三重県,松阪市(B001),http://www.gk-p.jp/wp-content/uploads/mhc/24-204-B-01.jpg,第11弾,
24-500-C001,三重県,松阪市 (C001),http://www.gk-p.jp/wp-content/uploads/mhc/24-204-C-01.jpg,第23弾,
24-500-D001,三重県,松阪市 (D001),http://www.gk-p.jp/wp-content/uploads/mhc/24-204-D-01.jpg,第24弾,
24-500-E001,三重県,松阪市 (E001),http://www.gk-p.jp/wp-content/uploads/mhc/24-204-E-01.jpg,第25弾,
24-500-F001,三重県,松阪市 (F001),http://www.gk-p.jp/wp-content/uploads/mhc/24-204-F-01.jpg,第28弾,
24-501-A001,三重県,桑名市 (A001),http://www.gk-p.jp/wp-content/uploads/mhc/24-205-A-01.jpg,第06弾,
24-501-B001,三重県,桑名市 (B001),http://www.gk-p.jp/wp-content/uploads/mhc/24-205-B01.jpg,第16弾,
24-502-A001,三重県,菰野町,http://www.gk-p.jp/wp-content/uploads/mhc/24-341-A-01.jpg,第06弾,
24-503-A001,三重県,鈴鹿市,http://www.gk-p.jp/wp-content/uploads/mhc/24-207-A-01.jpg,第6弾,
25-504-A001,滋賀県,大津市 (A001),http://www.gk-p.jp/wp-content/uploads/mhc/25-201-A-01.jpg,第05弾,
25-504-B001,滋賀県,大津市 (B001),http://www.gk-p.jp/wp-content/uploads/mhc/25-201-B-01.jpg,第21弾,
25-504-C001,滋賀県,大津市 (C001),http://www.gk-p.jp/wp-content/uploads/mhc/25-201-C-01.jpg,第28弾,
25-505-A001,滋賀県,守山市,http://www.gk-p.jp/wp-content/uploads/mhc/25-207-A-01.jpg,第21弾,
25-506-A001,滋賀県,彦根市 (A001),http://www.gk-p.jp/wp-content/uploads/mhc/25-202-A-01.jpg,第6弾,
25-506-B001,滋賀県,彦根市 (B001),http://www.gk-p.jp/wp-content/uploads/mhc/25-202-B-01.jpg,第6弾,
25-507-A001,滋賀県,東近江市 (A001),http://www.gk-p.jp/wp-content/uploads/mhc/25-213-A-01.jpg,第25弾,
25-507-B001,滋賀県,東近江市 (B001),http://www.gk-p.jp/wp-content/uploads/mhc/25-213-B-01.jpg,第26弾,
25-507-C001,滋賀県,東近江市(C001),http://www.gk-p.jp/wp-content/uploads/mhc/25-213-C-01.jpg,第27弾,
25-508-A001,滋賀県,栗東市 (A001),http://www.gk-p.jp/wp-content/uploads/mhc/25-208-A-01.jpg,第09弾,
25-508-B001,滋賀県,栗東市 (B001),http://www.gk-p.jp/wp-content/uploads/mhc/25-208-B-01.jpg,第25弾,
25-509-流域下水道,滋賀県,滋賀県 (流域下水道),http://www.gk-p.jp/wp-content/uploads/mhc/25-000-A-01.jpg,第2弾,
25-510-A001,滋賀県,甲賀市 (A001),http://www.gk-p.jp/wp-content/uploads/mhc/25-209-A-01.jpg,第23弾,
25-510-B001,滋賀県,甲賀市(B001),http://www.gk-p.jp/wp-content/uploads/mhc/25-209-B-01.jpg,第27弾,
25-510-C001,滋賀県,甲賀市 (C001),http://www.gk-p.jp/wp-content/uploads/mhc/25-209-C-01.jpg,第29弾,25-209-C
25-511-A001,滋賀県,草津市 (A001),http://www.gk-p.jp/wp-content/uploads/mhc/25-206-A-01.jpg,第03弾,
25-511-B001,滋賀県,草津市 (B001),http://www.gk-p.jp/wp-content/uploads/mhc/25-206-B-01.jpg,第09弾,
25-511-C001,滋賀県,草津市 (C001),http://www.gk-p.jp/wp-content/uploads/mhc/25-206-C-01.jpg,第23弾,
25-512-A001,滋賀県,豊郷町,http://www.gk-p.jp/wp-content/uploads/mhc/25-441-A-01.jpg,第9弾,
25-513-A001,滋賀県,近江八幡市,http://www.gk-p.jp/wp-content/uploads/mhc/25-204-A-01.jpg,第24弾,
25-514-A001,滋賀県,野洲市,http://www.gk-p.jp/wp-content/uploads/mhc/25-210-A-01.jpg,第26弾,
26-515-A001,京都府,久御山町,http://www.gk-p.jp/wp-content/uploads/mhc/26-322-A-01.jpg,第23弾,
26-516-A001,京都府,亀岡市 (A001),http://www.gk-p.jp/wp-content/uploads/mhc/26-206-A-01.jpg,第02弾,
26-516-B001,京都府,亀岡市 (B001),http://www.gk-p.jp/wp-content/uploads/mhc/26-206-B-01.jpg,第13弾,
26-517-A001,京都府,京丹後市 (A001),http://www.gk-p.jp/wp-content/uploads/mhc/26-212-A-01.jpg,第11弾,
26-517-B001,京都府,京丹後市 (B001),http://www.gk-p.jp/wp-content/uploads/mhc/26-212-B-01.jpg,第23弾,
26-518-A001,京都府,京丹波町,http://www.gk-p.jp/wp-content/uploads/mhc/26-407-A-01.jpg,第26弾,
26-519-A001,京都府,京都市 (A001),http://www.gk-p.jp/wp-content/uploads/mhc/26-100-A-01.jpg,第2弾,
26-519-A002,京都府,京都市 (A002),http://www.gk-p.jp/wp-content/uploads/mhc/26-100-A-02.jpg,第5弾,
26-519-B001,京都府,京都市 (B001),http://www.gk-p.jp/wp-content/uploads/mhc/26-100-B-01.jpg,第13弾,
26-520-流域下水道・A001,京都府,京都府 (流域下水道・A001),http://www.gk-p.jp/wp-content/uploads/mhc/26-000-A-01.jpg,第3弾,
26-520-流域下水道・B001,京都府,京都府 (流域下水道・B001),http://www.gk-p.jp/wp-content/uploads/mhc/26-000-B-01.jpg,第5弾,
26-521-A001,京都府,八幡市,http://www.gk-p.jp/wp-content/uploads/mhc/26-210-A-01.jpg,第20弾,
26-522-A001,京都府,向日市 (A001),http://www.gk-p.jp/wp-content/uploads/mhc/26-208-A-01.jpg,第05弾,
26-522-B001,京都府,向日市 (B001),http://www.gk-p.jp/wp-content/uploads/mhc/26-208-B-01.jpg,第19弾,
26-523-A001,京都府,大山崎町,http://www.gk-p.jp/wp-content/uploads/mhc/26-303-A-01.jpg,第5弾,
26-524-A001,京都府,宇治市,http://www.gk-p.jp/wp-content/uploads/mhc/26-204-A-01.jpg,第6弾,
26-525-A001,京都府,宇治田原町 (A001),http://www.gk-p.jp/wp-content/uploads/mhc/26-344-A-01.jpg,第2弾,
26-525-B001,京都府,宇治田原町 (B001),http://www.gk-p.jp/wp-content/uploads/mhc/26-344-B-01.jpg,第29弾,26-344-B
26-526-A001,京都府,綾部市,http://www.gk-p.jp/wp-content/uploads/mhc/26-203-A-01.jpg,第15弾,
26-527-A001,京都府,舞鶴市 (A001),http://www.gk-p.jp/wp-content/uploads/mhc/26-202-A-01.jpg,第8弾,
26-527-B001,京都府,舞鶴市 (B001),http://www.gk-p.jp/wp-content/uploads/mhc/26-202-B-01.jpg,第12弾,
26-527-C001,京都府,舞鶴市 (C001),http://www.gk-p.jp/wp-content/uploads/mhc/26-202-C-01.jpg,第13弾,
26-528-A001,京都府,長岡京市 (A001),http://www.gk-p.jp/wp-content/uploads/mhc/26-209-A-01.jpg,第05弾,
26-528-B001,京都府,長岡京市 (B001),http://www.gk-p.jp/wp-content/uploads/mhc/26-209-B-01.jpg,第18弾,
27-529-A001,大阪府,交野市 (A001),http://www.gk-p.jp/wp-content/uploads/mhc/27-230-A-01.jpg,第09弾,
27-529-B001,大阪府,交野市 (B001),http://www.gk-p.jp/wp-content/uploads/mhc/27-230-B01.jpg,第16弾,
27-530-A001,大阪府,八尾市,http://www.gk-p.jp/wp-content/uploads/mhc/27-212-A-01.jpg,第6弾,
27-531-A001,大阪府,千早赤阪村,http://www.gk-p.jp/wp-content/uploads/mhc/27-383-A-01.jpg,第18弾,
27-532-A001,大阪府,吹田市,http://www.gk-p.jp/wp-content/uploads/mhc/27-205-A-01.jpg,第7弾,
27-533-A001,大阪府,和泉市 (A001),http://www.gk-p.jp/wp-content/uploads/mhc/27-219-A-01.jpg,第03弾,
27-533-B001,大阪府,和泉市 (B001),http://www.gk-p.jp/wp-content/uploads/mhc/27-219-B-01.jpg,第14弾,
27-534-A001,大阪府,四條畷市,http://www.gk-p.jp/wp-content/uploads/mhc/27-229-A-01.jpg,第5弾,
27-535-A001,大阪府,堺市 (A001),http://www.gk-p.jp/wp-content/uploads/mhc/27-140-A-01.jpg,第01弾,
27-535-B001,大阪府,堺市 (B001),http://www.gk-p.jp/wp-content/uploads/mhc/27-140-B01.jpg,第16弾,
27-536-A001,大阪府,大東市 (A001),http://www.gk-p.jp/wp-content/uploads/mhc/27-218-A-01.jpg,第4弾,
27-536-B001,大阪府,大東市 (B001),http://www.gk-p.jp/wp-content/uploads/mhc/27-218-B-01.jpg,第29弾,27-218-B
27-537-A001,大阪府,大阪市 (A001),http://www.gk-p.jp/wp-content/uploads/mhc/27-100-A-01.jpg,第01弾,
27-537-B001,大阪府,大阪市 (B001),http://www.gk-p.jp/wp-content/uploads/mhc/27-100-B-01.jpg,第05弾,
27-537-C001,大阪府,大阪市 (C001),http://www.gk-p.jp/wp-content/uploads/mhc/27-100-C01.jpg,第15弾,
27-537-D001,大阪府,大阪市 (D001),http://www.gk-p.jp/wp-content/uploads/mhc/27-100-D-01.jpg,第26弾,
27-538-流域下水道,大阪府,大阪府 (流域下水道),http://www.gk-p.jp/wp-content/uploads/mhc/27-000-A-01.jpg,第2弾,
27-539-A001,大阪府,大阪狭山市 (A001),http://www.gk-p.jp/wp-content/uploads/mhc/27-231-A-01.jpg,第2弾,
27-539-B001,大阪府,大阪狭山市 (B001),http://www.gk-p.jp/wp-content/uploads/mhc/27-231-B-01.jpg,第20弾,
27-540-大阪府,大阪府,太子町(大阪府),http://www.gk-p.jp/wp-content/uploads/mhc/27-381-A-01.jpg,第7弾,
27-541-A001,大阪府,守口市,http://www.gk-p.jp/wp-content/uploads/mhc/27-209-A-01.jpg,第6弾,
27-542-A001,大阪府,富田林市,http://www.gk-p.jp/wp-content/uploads/mhc/27-214-A-01.jpg,第4弾,
27-543-A001,大阪府,寝屋川市,http://www.gk-p.jp/wp-content/uploads/mhc/27-215-A-01.jpg,第8弾,
27-544-A001,大阪府,岸和田市 (A001),http://www.gk-p.jp/wp-content/uploads/mhc/27-202-A-01.jpg,第07弾,
27-544-B001,大阪府,岸和田市 (B001),http://www.gk-p.jp/wp-content/uploads/mhc/27-202-B01.jpg,第16弾,
27-544-C001,大阪府,岸和田市 (C001),http://www.gk-p.jp/wp-content/uploads/mhc/27-202-C-01.jpg,第20弾,
27-545-A001,大阪府,島本町 (A001),http://www.gk-p.jp/wp-content/uploads/mhc/27-301-A-01.jpg,第4弾,
27-545-B001,大阪府,島本町 (B001),http://www.gk-p.jp/wp-content/uploads/mhc/27-301-B-01.jpg,第13弾,
27-546-A001,大阪府,摂津市,http://www.gk-p.jp/wp-content/uploads/mhc/27-224-A-01.jpg,第19弾,
27-547-A001,大阪府,東大阪市,http://www.gk-p.jp/wp-content/uploads/mhc/27-227-A-01.jpg,第1弾,
27-548-A001,大阪府,松原市,http://www.gk-p.jp/wp-content/uploads/mhc/27-217-A-01.jpg,第14弾,
27-549-A001,大阪府,枚方市,http://www.gk-p.jp/wp-content/uploads/mhc/27-210-A-01.jpg,第11弾,
27-550-A001,大阪府,柏原市 (A001),http://www.gk-p.jp/wp-content/uploads/mhc/27-221-A-01.jpg,第07弾,
27-550-B001,大阪府,柏原市 (B001),http://www.gk-p.jp/wp-content/uploads/mhc/27-221-B-01.jpg,第19弾,
27-550-C001,大阪府,柏原市 (C001),http://www.gk-p.jp/wp-content/uploads/mhc/27-221-C-01.jpg,第23弾,
27-551-A001,大阪府,池田市(A001),http://www.gk-p.jp/wp-content/uploads/mhc/27-204-A-01.jpg,第6弾,
27-551-B001,大阪府,池田市(B001),http://www.gk-p.jp/wp-content/uploads/mhc/27-204-B-01.jpg,第11弾,
27-551-C001,大阪府,池田市(C001),http://www.gk-p.jp/wp-content/uploads/mhc/27-204-C-01.jpg,第11弾,
27-551-D001,大阪府,池田市(D001),http://www.gk-p.jp/wp-content/uploads/mhc/27-204-D-01.jpg,第11弾,
27-551-E001,大阪府,池田市(E001),http://www.gk-p.jp/wp-content/uploads/mhc/27-204-E-01.jpg,第11弾,
27-552-A001,大阪府,河内長野市,http://www.gk-p.jp/wp-content/uploads/mhc/27-216-A-01.jpg,第6弾,
27-553-A001,大阪府,河南町,http://www.gk-p.jp/wp-content/uploads/mhc/27-382-A-01.jpg,第8弾,
27-554-A001,大阪府,泉佐野市 (A001),http://www.gk-p.jp/wp-content/uploads/mhc/27-213-A-01.jpg,第06弾,
27-554-B001,大阪府,泉佐野市 (B001),http://www.gk-p.jp/wp-content/uploads/mhc/27-213-B-01.jpg,第14弾,
27-555-A001,大阪府,泉南市,http://www.gk-p.jp/wp-content/uploads/mhc/27-228-A-01.jpg,第5弾,
27-556-A001,大阪府,熊取町,http://www.gk-p.jp/wp-content/uploads/mhc/27-361-A-01.jpg,第8弾,
27-557-A001,大阪府,田尻町,http://www.gk-p.jp/wp-content/uploads/mhc/27-362-A-01.jpg,第12弾,
27-558-A001,大阪府,箕面市,http://www.gk-p.jp/wp-content/uploads/mhc/27-220-A-01.jpg,第6弾,
27-559-A001,大阪府,羽曳野市,http://www.gk-p.jp/wp-content/uploads/mhc/27-222-A-01.jpg,第13弾,
27-560-A001,大阪府,能勢町,http://www.gk-p.jp/wp-content/uploads/mhc/27-322-A-01.jpg,第3弾,
27-561-A001,大阪府,茨木市 (A001),http://www.gk-p.jp/wp-content/uploads/mhc/27-211-A-01.jpg,第12弾,
27-561-B001,大阪府,茨木市 (B001),http://www.gk-p.jp/wp-content/uploads/mhc/27-211-B-01.jpg,第25弾,
27-562-A001,大阪府,藤井寺市 (A001),http://www.gk-p.jp/wp-content/uploads/mhc/27-226-A-01.jpg,第5弾,
27-562-B001,大阪府,藤井寺市 (B001),http://www.gk-p.jp/wp-content/uploads/mhc/27-226-B01.jpg,第12弾,
27-562-C001,大阪府,藤井寺市 (C001),http://www.gk-p.jp/wp-content/uploads/mhc/27-226-C-01.jpg,第28弾,
27-563-A001,大阪府,豊中市,http://www.gk-p.jp/wp-content/uploads/mhc/27-203-A-01.jpg,第3弾,
27-564-A001,大阪府,豊能町,http://www.gk-p.jp/wp-content/uploads/mhc/27-321-A-01.jpg,第8弾,
27-565-A001,大阪府,貝塚市 (A001),http://www.gk-p.jp/wp-content/uploads/mhc/27-208-A-01.jpg,第09弾,
27-565-B001,大阪府,貝塚市 (B001),http://www.gk-p.jp/wp-content/uploads/mhc/27-208-B-01.jpg,第21弾,
27-566-A001,大阪府,門真市 (A001),http://www.gk-p.jp/wp-content/uploads/mhc/27-223-A-01.jpg,第07弾,
27-566-B001,大阪府,門真市 (B001),http://www.gk-p.jp/wp-content/uploads/mhc/27-223-B-01.jpg,第21弾,
27-567-A001,大阪府,阪南市,http://www.gk-p.jp/wp-content/uploads/mhc/27-232-A01.jpg,第17弾,
27-568-A001,大阪府,高槻市 (A001),http://www.gk-p.jp/wp-content/uploads/mhc/27-207-A-01.jpg,第03弾,
27-568-B001,大阪府,高槻市 (B001),http://www.gk-p.jp/wp-content/uploads/mhc/27-207-B-01.jpg,第08弾,
27-568-C001,大阪府,高槻市 (C001),http://www.gk-p.jp/wp-content/uploads/mhc/27-207-C-01.jpg,第19弾,
27-569-A001,大阪府,高石市,http://www.gk-p.jp/wp-content/uploads/mhc/27-225-A-01.jpg,第4弾,
28-570-A001,兵庫県,たつの市 (A001),http://www.gk-p.jp/wp-content/uploads/mhc/28-229-A-01.jpg,第09弾,
28-570-B001,兵庫県,たつの市 (B001),http://www.gk-p.jp/wp-content/uploads/mhc/28-229-B-01.jpg,第25弾,
28-571-A001,兵庫県,三木市 (A001),http://www.gk-p.jp/wp-content/uploads/mhc/28-215-A-01.jpg,第10弾,
28-571-B001,兵庫県,三木市 (B001),http://www.gk-p.jp/wp-content/uploads/mhc/28-215-B-01.jpg,第19弾,
28-571-C001,兵庫県,三木市 (C001),http://www.gk-p.jp/wp-content/uploads/mhc/28-215-C-01.jpg,第22弾,
28-572-A001,兵庫県,上郡町,http://www.gk-p.jp/wp-content/uploads/mhc/28-481-A-02.jpg,第9弾,
28-573-A001,兵庫県,丹波市,http://www.gk-p.jp/wp-content/uploads/mhc/28-223-A-01.jpg,第11弾,
28-574-A001,兵庫県,丹波篠山市,http://www.gk-p.jp/wp-content/uploads/mhc/28-221-A-02.jpg,第5弾,
28-575-A001,兵庫県,伊丹市 (A001),http://www.gk-p.jp/wp-content/uploads/mhc/28-207-A-01.jpg,第05弾,
28-575-B001,兵庫県,伊丹市 (B001),http://www.gk-p.jp/wp-content/uploads/mhc/28-207-B-01.jpg,第14弾,
28-575-C001,兵庫県,伊丹市 (C001),http://www.gk-p.jp/wp-content/uploads/mhc/28-207-C01.jpg,第17弾,
28-575-D001,兵庫県,伊丹市 (D001),http://www.gk-p.jp/wp-content/uploads/mhc/28-207-D-01.jpg,第18弾,
28-576-流域下水道,兵庫県,兵庫県 (流域下水道),http://www.gk-p.jp/wp-content/uploads/mhc/28-000-A-01.jpg,第7弾,
28-577-A001,兵庫県,加古川市,http://www.gk-p.jp/wp-content/uploads/mhc/28-210-A-01.jpg,第10弾,
28-578-A001,兵庫県,加東市 (A001),http://www.gk-p.jp/wp-content/uploads/mhc/28-228-A-01.jpg,第12弾,
28-578-B001,兵庫県,加東市 (B001),http://www.gk-p.jp/wp-content/uploads/mhc/28-228-B-01.jpg,第20弾,
28-579-A001,兵庫県,加西市 (A001),http://www.gk-p.jp/wp-content/uploads/mhc/28-220-A-01.jpg,第07弾,
28-579-B001,兵庫県,加西市 (B001),http://www.gk-p.jp/wp-content/uploads/mhc/28-220-B-01.jpg,第25弾,
28-580-兵庫県,兵庫県,太子町(兵庫県),http://www.gk-p.jp/wp-content/uploads/mhc/28-464-A-01.jpg,第23弾,
28-581-A001,兵庫県,姫路市,http://www.gk-p.jp/wp-content/uploads/mhc/28-201-A-01.jpg,第2弾,
28-582-A001,兵庫県,宝塚市,http://www.gk-p.jp/wp-content/uploads/mhc/28-214-A-01.jpg,第10弾,
28-583-A001,兵庫県,尼崎市(A001),http://www.gk-p.jp/wp-content/uploads/mhc/28-202-A-01.jpg,第2弾,
28-583-B001,兵庫県,尼崎市(B001),http://www.gk-p.jp/wp-content/uploads/mhc/28-202-B-01.jpg,第11弾,
28-584-A001,兵庫県,川西市 (A001),http://www.gk-p.jp/wp-content/uploads/mhc/28-217-A-01.jpg,第11弾,
28-584-B001,兵庫県,川西市 (B001),http://www.gk-p.jp/wp-content/uploads/mhc/28-217-B-01.jpg,第13弾,
28-584-C001,兵庫県,川西市 (C001),http://www.gk-p.jp/wp-content/uploads/mhc/28-217-C001.jpg,第15弾,
28-585-A001,兵庫県,市川町,http://www.gk-p.jp/wp-content/uploads/mhc/28-442-A-01.jpg,第9弾,
28-586-A001,兵庫県,播磨町,http://www.gk-p.jp/wp-content/uploads/mhc/28-382-A-01.jpg,第10弾,
28-587-A001,兵庫県,明石市,http://www.gk-p.jp/wp-content/uploads/mhc/28-203-A-01.jpg,第7弾,
28-588-A001,兵庫県,洲本市,http://www.gk-p.jp/wp-content/uploads/mhc/28-205-A-01.jpg,第18弾,
28-589-A001,兵庫県,猪名川町,http://www.gk-p.jp/wp-content/uploads/mhc/28-301-A-01.jpg,第10弾,
28-590-A001,兵庫県,神戸市 (A001),http://www.gk-p.jp/wp-content/uploads/mhc/28-100-A-01.jpg,第01弾,
28-590-B001,兵庫県,神戸市 (B001),http://www.gk-p.jp/wp-content/uploads/mhc/28-100-B-01.jpg,第14弾,
28-590-C001,兵庫県,神戸市 (C001),http://www.gk-p.jp/wp-content/uploads/mhc/28-100-C-01.jpg,第26弾,
28-590-D001,兵庫県,神戸市 (D001),http://www.gk-p.jp/wp-content/uploads/mhc/28-100-D-01.jpg,第29弾,28-100-D
28-591-A001,兵庫県,神河町,http://www.gk-p.jp/wp-content/uploads/mhc/28-446-A-01.jpg,第20弾,
28-592-A001,兵庫県,福崎町,http://www.gk-p.jp/wp-content/uploads/mhc/28-443-A-01.jpg,第10弾,
28-593-A001,兵庫県,稲美町,http://www.gk-p.jp/wp-content/uploads/mhc/28-381-A-01.jpg,第26弾,
28-594-A001,兵庫県,芦屋市 (A001),http://www.gk-p.jp/wp-content/uploads/mhc/28-206-A-01.jpg,第08弾,
28-594-B001,兵庫県,芦屋市 (B001),http://www.gk-p.jp/wp-content/uploads/mhc/28-206-B-01.jpg,第12弾,
28-595-A001,兵庫県,西宮市,http://www.gk-p.jp/wp-content/uploads/mhc/28-204-A-01.jpg,第6弾,
28-596-A001,兵庫県,西脇市 (A001),http://www.gk-p.jp/wp-content/uploads/mhc/28-213-A-01.jpg,第06弾,
28-596-B001,兵庫県,西脇市 (B001),http://www.gk-p.jp/wp-content/uploads/mhc/28-213-B-01.jpg,第25弾,
28-597-A001,兵庫県,高砂市,http://www.gk-p.jp/wp-content/uploads/mhc/28-216-A-01.jpg,第9弾,
29-598-A001,奈良県,三郷町,http://www.gk-p.jp/wp-content/uploads/mhc/29-343-A-01.jpg,第12弾,
29-599-A001,奈良県,吉野町,http://www.gk-p.jp/wp-content/uploads/mhc/29-441-A-01.jpg,第12弾,
29-600-A001,奈良県,大和郡山市,http://www.gk-p.jp/wp-content/uploads/mhc/29-203-A-01.jpg,第2弾,
29-601-A001,奈良県,天理市,http://www.gk-p.jp/wp-content/uploads/mhc/29-204-A-01.jpg,第4弾,
29-602-A001,奈良県,奈良市,http://www.gk-p.jp/wp-content/uploads/mhc/29-201-A-01.jpg,第6弾,
29-603-A001,奈良県,斑鳩町,http://www.gk-p.jp/wp-content/uploads/mhc/29-344-A-01.jpg,第3弾,
29-604-A001,奈良県,橿原市 (A001),http://www.gk-p.jp/wp-content/uploads/mhc/29-205-A-01.jpg,第08弾,
29-604-B001,奈良県,橿原市 (B001),http://www.gk-p.jp/wp-content/uploads/mhc/29-205-B-01.jpg,第23弾,
29-604-C001,奈良県,橿原市 (C001),http://www.gk-p.jp/wp-content/uploads/mhc/29-205-C-01.jpg,第28弾,
29-605-A001,奈良県,生駒市,http://www.gk-p.jp/wp-content/uploads/mhc/29-209-A-01.jpg,第8弾,
29-606-A001,奈良県,田原本町,http://www.gk-p.jp/wp-content/uploads/mhc/29-363-A-01.jpg,第7弾,
30-607-A001,和歌山県,和歌山市,http://www.gk-p.jp/wp-content/uploads/mhc/30-201-A-01.jpg,第2弾,
30-608-A001,和歌山県,岩出市 (A001),http://www.gk-p.jp/wp-content/uploads/mhc/30-209-A-01.jpg,第28弾,
30-609-A001,和歌山県,御坊市,http://www.gk-p.jp/wp-content/uploads/mhc/30-205-A-01.jpg,第10弾,
30-610-A001,和歌山県,有田川町,http://www.gk-p.jp/wp-content/uploads/mhc/30-366-A-01.jpg,第2弾,
30-611-A001,和歌山県,橋本市,http://www.gk-p.jp/wp-content/uploads/mhc/30-203-A-01.jpg,第6弾,
31-612-A001,鳥取県,三朝町,http://www.gk-p.jp/wp-content/uploads/mhc/31-364-A-01.jpg,第27弾,
31-613-A001,鳥取県,倉吉市 (A001),http://www.gk-p.jp/wp-content/uploads/mhc/31-203-A-01.jpg,第13弾,
31-613-B001,鳥取県,倉吉市 (B001),http://www.gk-p.jp/wp-content/uploads/mhc/31-203-B-01.jpg,第14弾,
31-614-A001,鳥取県,北栄町,http://www.gk-p.jp/wp-content/uploads/mhc/31-372-A-01.jpg,第2弾,
31-615-A001,鳥取県,岩美町,http://www.gk-p.jp/wp-content/uploads/mhc/31-302-A-01.jpg,第4弾,
31-616-A001,鳥取県,江府町,http://www.gk-p.jp/wp-content/uploads/mhc/31-403-A-01.jpg,第03弾,
31-617-A001,鳥取県,琴浦町,http://www.gk-p.jp/wp-content/uploads/mhc/31-371-A-01.jpg,第7弾,
31-618-A001,鳥取県,米子市,http://www.gk-p.jp/wp-content/uploads/mhc/31-202-A-01.jpg,第04弾,
31-619-A001,鳥取県,鳥取市,http://www.gk-p.jp/wp-content/uploads/mhc/31-201-A-01.jpg,第6弾,
32-620-A001,島根県,出雲市,http://www.gk-p.jp/wp-content/uploads/mhc/32-203-A-01.jpg,第11弾,
32-621-A001,島根県,吉賀町,http://www.gk-p.jp/wp-content/uploads/mhc/32-505-A-01.jpg,第11弾,
32-622-A001,島根県,大田市,http://www.gk-p.jp/wp-content/uploads/mhc/32-205-A-01.jpg,第10弾,
32-623-A001,島根県,安来市,http://www.gk-p.jp/wp-content/uploads/mhc/32-206-A-01.jpg,第4弾,
32-624-流域下水道,島根県,島根県 (流域下水道),http://www.gk-p.jp/wp-content/uploads/mhc/32-000-A-01.jpg,第13弾,
32-625-A001,島根県,松江市,http://www.gk-p.jp/wp-content/uploads/mhc/32-201-A-01.jpg,第20弾,
32-626-A001,島根県,江津市,http://www.gk-p.jp/wp-content/uploads/mhc/32-207-A-01.jpg,第12弾,
32-627-A001,島根県,津和野町,http://www.gk-p.jp/wp-content/uploads/mhc/32-501-A-01.jpg,第10弾,
32-628-A001,島根県,浜田市 (A001),http://www.gk-p.jp/wp-content/uploads/mhc/32-202-A-01.jpg,第08弾,
32-628-B001,島根県,浜田市 (B001),http://www.gk-p.jp/wp-content/uploads/mhc/32-202-B-01.jpg,第19弾,
32-629-A001,島根県,益田市,http://www.gk-p.jp/wp-content/uploads/mhc/32-204-A-01.jpg,第10弾,
32-630-A001,島根県,西ノ島町,http://www.gk-p.jp/wp-content/uploads/mhc/32-526-A-01.jpg,第25弾,
32-631-A001,島根県,雲南市,http://www.gk-p.jp/wp-content/uploads/mhc/32-209-A-01.jpg,第12弾,
33-632-A001,岡山県,久米南町,http://www.gk-p.jp/wp-content/uploads/mhc/33-663-A-01.jpg,第9弾,
33-633-A001,岡山県,井原市,http://www.gk-p.jp/wp-content/uploads/mhc/33-207-A-01.jpg,第23弾,
33-634-A001,岡山県,倉敷市 (A001),http://www.gk-p.jp/wp-content/uploads/mhc/33-202-A-01.jpg,第01弾,
33-634-B001,岡山県,倉敷市 (B001),http://www.gk-p.jp/wp-content/uploads/mhc/33-202-B-01.jpg,第02弾,
33-634-C001,岡山県,倉敷市 (C001),http://www.gk-p.jp/wp-content/uploads/mhc/33-202-C-01.jpg,第06弾,
33-634-D001,岡山県,倉敷市 (D001),http://www.gk-p.jp/wp-content/uploads/mhc/33-202-D-01.jpg,第12弾,
33-634-E001,岡山県,倉敷市 (E001),http://www.gk-p.jp/wp-content/uploads/mhc/33-202-E01.jpg,第16弾,
33-635-A001,岡山県,勝央町 (A001),http://www.gk-p.jp/wp-content/uploads/mhc/33-622-A-01.jpg,第24弾,
33-635-B001,岡山県,勝央町 (B001),http://www.gk-p.jp/wp-content/uploads/mhc/33-622-B-01.jpg,第25弾,
33-636-A001,岡山県,吉備中央町,http://www.gk-p.jp/wp-content/uploads/mhc/33-681-A-01.jpg,第13弾,
33-637-A001,岡山県,奈義町,http://www.gk-p.jp/wp-content/uploads/mhc/33-623-A01.jpg,第16弾,
33-638-A001,岡山県,岡山市,http://www.gk-p.jp/wp-content/uploads/mhc/33-100-A-01.jpg,第1弾,
33-639-A001,岡山県,新庄村,http://www.gk-p.jp/wp-content/uploads/mhc/33-586-A-01.jpg,第8弾,
33-640-A001,岡山県,新見市,http://www.gk-p.jp/wp-content/uploads/mhc/33-210-A-01.jpg,第14弾,
33-641-A001,岡山県,早島町,http://www.gk-p.jp/wp-content/uploads/mhc/33-423-A-01.jpg,第10弾,
33-642-A001,岡山県,津山市,http://www.gk-p.jp/wp-content/uploads/mhc/33-203-A-01.jpg,第11弾,
33-643-A001,岡山県,浅口市 (A001),http://www.gk-p.jp/wp-content/uploads/mhc/33-216-A-01.jpg,第29弾,33-216-A
33-644-A001,岡山県,瀬戸内市 (A001),http://www.gk-p.jp/wp-content/uploads/mhc/33-212-A-01.jpg,第5弾,
33-644-B001,岡山県,瀬戸内市 (B001),http://www.gk-p.jp/wp-content/uploads/mhc/33-212-B-01.jpg,第8弾,
33-645-A001,岡山県,真庭市,http://www.gk-p.jp/wp-content/uploads/mhc/33-214-A-01.jpg,第15弾,
33-646-A001,岡山県,矢掛町 (A001),http://www.gk-p.jp/wp-content/uploads/mhc/33-461-A-01.jpg,第05弾,
33-646-B001,岡山県,矢掛町 (B001),http://www.gk-p.jp/wp-content/uploads/mhc/33-461-B-01.jpg,第14弾,
33-647-A001,岡山県,笠岡市,http://www.gk-p.jp/wp-content/uploads/mhc/33-205-A-01.jpg,第6弾,
33-648-A001,岡山県,美作市 (A001),http://www.gk-p.jp/wp-content/uploads/mhc/33-215-A01.jpg,第17弾,
33-648-B001,岡山県,美作市 (B001),http://www.gk-p.jp/wp-content/uploads/mhc/33-215-B-01.jpg,第24弾,
33-649-A001,岡山県,里庄町,http://www.gk-p.jp/wp-content/uploads/mhc/33-445-A-01.jpg,第18弾,
33-650-A001,岡山県,鏡野町,http://www.gk-p.jp/wp-content/uploads/mhc/33-606-A-01.jpg,第10弾,
33-651-A001,岡山県,高梁市,http://www.gk-p.jp/wp-content/uploads/mhc/33-209-A-01.jpg,第19弾,
34-652-A001,広島県,三原市 (A001),http://www.gk-p.jp/wp-content/uploads/mhc/34-204-A-01.jpg,第4弾,
34-652-B001,広島県,三原市 (B001),http://www.gk-p.jp/wp-content/uploads/mhc/34-204-B-01.jpg,第6弾,
34-653-A001,広島県,呉市 (A001),http://www.gk-p.jp/wp-content/uploads/mhc/34-202-A-01.jpg,第5弾,
34-653-B001,広島県,呉市 (B001),http://www.gk-p.jp/wp-content/uploads/mhc/34-202-B-01.jpg,第5弾,
34-654-A001,広島県,坂町,http://www.gk-p.jp/wp-content/uploads/mhc/34-309-A-01.jpg,第7弾,
34-655-A001,広島県,安芸太田町 (A001),http://www.gk-p.jp/wp-content/uploads/mhc/34-368-A-01.jpg,第28弾,
34-656-A001,広島県,安芸高田市 (A001),http://www.gk-p.jp/wp-content/uploads/mhc/34-214-A-01.jpg,第12弾,
34-656-B001,広島県,安芸高田市 (B001),http://www.gk-p.jp/wp-content/uploads/mhc/34-214-B-01.jpg,第13弾,
34-656-C001,広島県,安芸高田市 (C001),http://www.gk-p.jp/wp-content/uploads/mhc/34-214-C-01.jpg,第14弾,
34-657-A001,広島県,広島市 (A001),http://www.gk-p.jp/wp-content/uploads/mhc/34-100-A-01.jpg,第01弾,
34-657-B001,広島県,広島市 (B001),http://www.gk-p.jp/wp-content/uploads/mhc/34-100-B-01.jpg,第18弾,
34-657-C001,広島県,広島市 (C001),http://www.gk-p.jp/wp-content/uploads/mhc/34-100-C-01.jpg,第19弾,
34-657-D001,広島県,広島市 (D001),http://www.gk-p.jp/wp-content/uploads/mhc/34-100-D-01.jpg,第20弾,
34-657-E001,広島県,広島市 (E001),http://www.gk-p.jp/wp-content/uploads/mhc/34-100-E-01.jpg,第22弾,
34-657-F001,広島県,広島市 (F001),http://www.gk-p.jp/wp-content/uploads/mhc/34-100-F-01.jpg,第23弾,
34-657-G001,広島県,広島市 (G001),http://www.gk-p.jp/wp-content/uploads/mhc/34-100-G-01.jpg,第24弾,
34-658-流域下水道,広島県,広島県 (流域下水道),http://www.gk-p.jp/wp-content/uploads/mhc/34-000-A-01.jpg,第2弾,
34-659-A001,広島県,府中市,http://www.gk-p.jp/wp-content/uploads/mhc/34-208-A-01.jpg,第21弾,
34-660-A001,広島県,廿日市市,http://www.gk-p.jp/wp-content/uploads/mhc/34-213-A-01.jpg,第7弾,
34-661-A001,広島県,東広島市 (A001),http://www.gk-p.jp/wp-content/uploads/mhc/34-212-A-01.jpg,第3弾,
34-661-B001,広島県,東広島市 (B001),http://www.gk-p.jp/wp-content/uploads/mhc/34-212-B-01.jpg,第9弾,
34-661-C001,広島県,東広島市 (C001),http://www.gk-p.jp/wp-content/uploads/mhc/34-212-C-01.jpg,第29弾,34-212-C
34-662-A001,広島県,熊野町,http://www.gk-p.jp/wp-content/uploads/mhc/34-307-A-01.jpg,第24弾,
34-663-A001,広島県,福山市,http://www.gk-p.jp/wp-content/uploads/mhc/34-207-A01.jpg,第17弾,
34-664-A001,広島県,竹原市 (A001),http://www.gk-p.jp/wp-content/uploads/mhc/34-203-A-01.jpg,第05弾,
34-664-B001,広島県,竹原市 (B001),http://www.gk-p.jp/wp-content/uploads/mhc/34-203-B-01.jpg,第10弾,
35-665-A001,山口県,下松市(A001),http://www.gk-p.jp/wp-content/uploads/mhc/35-207-A-01.jpg,第3弾,
35-665-B001,山口県,下松市(B001),http://www.gk-p.jp/wp-content/uploads/mhc/35-207-B-01.jpg,第11弾,
35-665-C001,山口県,下松市 (C001),http://www.gk-p.jp/wp-content/uploads/mhc/35-207-C-01.jpg,第28弾,
35-666-A001,山口県,下関市 (A001),http://www.gk-p.jp/wp-content/uploads/mhc/35-201-A-01.jpg,第8弾,
35-666-B001,山口県,下関市 (B001),http://www.gk-p.jp/wp-content/uploads/mhc/35-201-B-01.jpg,第13弾,
35-667-A001,山口県,周南市,http://www.gk-p.jp/wp-content/uploads/mhc/35-215-A-01.jpg,第26弾,
35-668-A001,山口県,和木町 (A001),http://www.gk-p.jp/wp-content/uploads/mhc/35-321-A-01.jpg,第07弾,
35-668-B001,山口県,和木町 (B001),http://www.gk-p.jp/wp-content/uploads/mhc/35-321-B-01.jpg,第20弾,
35-669-A001,山口県,宇部市 (A001),http://www.gk-p.jp/wp-content/uploads/mhc/35-202-A-01.jpg,第10弾,
35-669-B001,山口県,宇部市 (B001),http://www.gk-p.jp/wp-content/uploads/mhc/35-202-B01.jpg,第16弾,
35-670-A001,山口県,山口市 (A001),http://www.gk-p.jp/wp-content/uploads/mhc/35-203-A-01.jpg,第03弾,
35-670-B001,山口県,山口市 (B001),http://www.gk-p.jp/wp-content/uploads/mhc/35-203-B-01.jpg,第04弾,
35-670-C001,山口県,山口市 (C001),http://www.gk-p.jp/wp-content/uploads/mhc/35-203-C-01.jpg,第06弾,
35-670-D001,山口県,山口市 (D001),http://www.gk-p.jp/wp-content/uploads/mhc/35-203-D-01.jpg,第22弾,
35-670-E001,山口県,山口市 (E001),http://www.gk-p.jp/wp-content/uploads/mhc/35-203-E-01.jpg,第28弾,
35-671-A001,山口県,山陽小野田市 (A001),http://www.gk-p.jp/wp-content/uploads/mhc/35-216-A-01.jpg,第12弾,
35-671-B001,山口県,山陽小野田市 (B001),http://www.gk-p.jp/wp-content/uploads/mhc/35-216-B-01.jpg,第25弾,
35-672-A001,山口県,岩国市 (A001),http://www.gk-p.jp/wp-content/uploads/mhc/35-208-A-01.jpg,第10弾,
35-672-B001,山口県,岩国市 (B001),http://www.gk-p.jp/wp-content/uploads/mhc/35-208-B-01.jpg,第23弾,
35-672-C001,山口県,岩国市 (C001),http://www.gk-p.jp/wp-content/uploads/mhc/35-208-C-01.jpg,第28弾,
35-673-A001,山口県,柳井市,http://www.gk-p.jp/wp-content/uploads/mhc/35-212-A-01.jpg,第23弾,
35-674-A001,山口県,美祢市,http://www.gk-p.jp/wp-content/uploads/mhc/35-213-A-01.jpg,第25弾,
35-675-A001,山口県,萩市,http://www.gk-p.jp/wp-content/uploads/mhc/35-204-A-01.jpg,第11弾,
35-676-A001,山口県,長門市 (A001),http://www.gk-p.jp/wp-content/uploads/mhc/35-211-A-01.jpg,第29弾,35-211-A
35-677-A001,山口県,防府市,http://www.gk-p.jp/wp-content/uploads/mhc/35-206-A-01.jpg,第6弾,
36-678-A001,徳島県,北島町 (A001),http://www.gk-p.jp/wp-content/uploads/mhc/36-402-A-01.jpg,第28弾,
36-679-A001,徳島県,吉野川市,http://www.gk-p.jp/wp-content/uploads/mhc/36-205-A-01.jpg,第24弾,
36-680-A001,徳島県,徳島市,http://www.gk-p.jp/wp-content/uploads/mhc/36-201-A-01.jpg,第26弾,
36-681-流域下水道,徳島県,徳島県 (流域下水道),http://www.gk-p.jp/wp-content/uploads/mhc/36-000-A-01.jpg,第9弾,
36-682-A001,徳島県,松茂町 (A001),http://www.gk-p.jp/wp-content/uploads/mhc/36-401-A-01.jpg,第7弾,
36-682-B001,徳島県,松茂町 (B001),http://www.gk-p.jp/wp-content/uploads/mhc/36-401-B-01.jpg,第13弾,
36-683-A001,徳島県,海陽町,http://www.gk-p.jp/wp-content/uploads/mhc/36-388-A-01.jpg,第23弾,
36-684-A001,徳島県,鳴門市 (A001),http://www.gk-p.jp/wp-content/uploads/mhc/36-202-A-01.jpg,第04弾,
36-684-B001,徳島県,鳴門市 (B001),http://www.gk-p.jp/wp-content/uploads/mhc/36-202-B-01.jpg,第23弾,
37-685-A001,香川県,さぬき市,http://www.gk-p.jp/wp-content/uploads/mhc/37-206-A-01.jpg,第7弾,
37-686-A001,香川県,まんのう町,http://www.gk-p.jp/wp-content/uploads/mhc/37-406-A-01.jpg,第11弾,
37-687-A001,香川県,三木町,http://www.gk-p.jp/wp-content/uploads/mhc/37-341-A-01.jpg,第4弾,
37-688-A001,香川県,丸亀市 (A001),http://www.gk-p.jp/wp-content/uploads/mhc/37-202-A-01.jpg,第04弾,
37-688-B001,香川県,丸亀市 (B001),http://www.gk-p.jp/wp-content/uploads/mhc/37-202-B-01.jpg,第09弾,
37-688-C001,香川県,丸亀市 (C001),http://www.gk-p.jp/wp-content/uploads/mhc/37-202-C-01.jpg,第12弾,
37-688-D001,香川県,丸亀市 (D001),http://www.gk-p.jp/wp-content/uploads/mhc/37-202-D-01.jpg,第24弾,
37-689-A001,香川県,坂出市 (A001),http://www.gk-p.jp/wp-content/uploads/mhc/37-203-A-01.jpg,第22弾,
37-689-B001,香川県,坂出市 (B001),http://www.gk-p.jp/wp-content/uploads/mhc/37-203-B-01.jpg,第28弾,
37-690-A001,香川県,多度津町,http://www.gk-p.jp/wp-content/uploads/mhc/37-404-A-01.jpg,第9弾,
37-691-A001,香川県,東かがわ市,http://www.gk-p.jp/wp-content/uploads/mhc/37-207-A-01.jpg,第8弾,
37-692-A001,香川県,綾川町 (A001),http://www.gk-p.jp/wp-content/uploads/mhc/37-387-A-01.jpg,第09弾,
37-692-B001,香川県,綾川町 (B001),http://www.gk-p.jp/wp-content/uploads/mhc/37-387-B-01.jpg,第10弾,
37-693-A001,香川県,観音寺市,http://www.gk-p.jp/wp-content/uploads/mhc/37-205-A-01.jpg,第03弾,
37-694-流域下水道・A001,香川県,香川県 (流域下水道・A001),http://www.gk-p.jp/wp-content/uploads/mhc/37-000-A-01.jpg,第02弾,
37-694-流域下水道・A002,香川県,香川県 (流域下水道・A002),http://www.gk-p.jp/wp-content/uploads/mhc/37-000-A-02.jpg,第02弾,
37-695-A001,香川県,高松市 (A001),http://www.gk-p.jp/wp-content/uploads/mhc/37-201-A-01.jpg,第03弾,
37-695-B001,香川県,高松市 (B001),http://www.gk-p.jp/wp-content/uploads/mhc/37-201-B01.jpg,第17弾,
38-696-A001,愛媛県,今治市 (A001),http://www.gk-p.jp/wp-content/uploads/mhc/38-202-A-01.jpg,第10弾,
38-696-B001,愛媛県,今治市 (B001),http://www.gk-p.jp/wp-content/uploads/mhc/38-202-B-01.jpg,第24弾,
38-696-C001,愛媛県,今治市 (C001),http://www.gk-p.jp/wp-content/uploads/mhc/38-202-C-01.jpg,第26弾,
38-697-A001,愛媛県,伊予市,http://www.gk-p.jp/wp-content/uploads/mhc/38-210-A01.jpg,第17弾,
38-698-A001,愛媛県,伊方町,http://www.gk-p.jp/wp-content/uploads/mhc/38-442-A-01.jpg,第23弾,
38-699-A001,愛媛県,八幡浜市 (A001),http://www.gk-p.jp/wp-content/uploads/mhc/38-204-A-01.jpg,第3弾,
38-699-B001,愛媛県,八幡浜市 (B001),http://www.gk-p.jp/wp-content/uploads/mhc/38-204-B-01.jpg,第13弾,
38-700-A001,愛媛県,四国中央市 (A001),http://www.gk-p.jp/wp-content/uploads/mhc/38-213-A-01.jpg,第14弾,
38-700-B001,愛媛県,四国中央市 (B001),http://www.gk-p.jp/wp-content/uploads/mhc/38-213-B-01.jpg,第23弾,
38-701-A001,愛媛県,大洲市,http://www.gk-p.jp/wp-content/uploads/mhc/38-207-A-01.jpg,第6弾,
38-702-A001,愛媛県,宇和島市,http://www.gk-p.jp/wp-content/uploads/mhc/38-203-A-01.jpg,第4弾,
38-703-A001,愛媛県,新居浜市 (A001),http://www.gk-p.jp/wp-content/uploads/mhc/38-205-A-01.jpg,第03弾,
38-703-B001,愛媛県,新居浜市 (B001),http://www.gk-p.jp/wp-content/uploads/mhc/38-205-B-01.jpg,第26弾,
38-704-A001,愛媛県,東温市(A001),http://www.gk-p.jp/wp-content/uploads/mhc/38-215-A-01.jpg,第8弾,
38-704-B001,愛媛県,東温市(B001),http://www.gk-p.jp/wp-content/uploads/mhc/38-215-B-01.jpg,第11弾,
38-705-A001,愛媛県,松山市 (A001),http://www.gk-p.jp/wp-content/uploads/mhc/38-201-A-01.jpg,第03弾,
38-705-B001,愛媛県,松山市 (B001),http://www.gk-p.jp/wp-content/uploads/mhc/38-201-B-01.jpg,第13弾,
38-706-A001,愛媛県,砥部町,http://www.gk-p.jp/wp-content/uploads/mhc/38-402-A01.jpg,第16弾,
38-707-A001,愛媛県,西予市 (A001),http://www.gk-p.jp/wp-content/uploads/mhc/38-214-A01.jpg,第16弾,
38-707-B001,愛媛県,西予市 (B001),http://www.gk-p.jp/wp-content/uploads/mhc/38-214-B-01.jpg,第28弾,
38-708-A001,愛媛県,西条市,http://www.gk-p.jp/wp-content/uploads/mhc/38-206-A-01.jpg,第13弾,
39-709-A001,高知県,南国市,http://www.gk-p.jp/wp-content/uploads/mhc/39-204-A-01.jpg,第26弾,
39-710-A001,高知県,土佐町,http://www.gk-p.jp/wp-content/uploads/mhc/39-363-A-01.jpg,第8弾,
39-711-A001,高知県,須崎市 (A001),http://www.gk-p.jp/wp-content/uploads/mhc/39-206-A-01-1.jpg,第1弾,
39-711-B001,高知県,須崎市 (B001),http://www.gk-p.jp/wp-content/uploads/mhc/39-206-B-01.jpg,第8弾,
39-712-A001,高知県,香南市 (A001),http://www.gk-p.jp/wp-content/uploads/mhc/39-211-A-01.jpg,第1弾,
39-712-B001,高知県,香南市 (B001),http://www.gk-p.jp/wp-content/uploads/mhc/39-211-B-01.jpg,第1弾,
39-712-C001,高知県,香南市 (C001),http://www.gk-p.jp/wp-content/uploads/mhc/39-211-C-01.jpg,第1弾,
39-712-D001,高知県,香南市 (D001),http://www.gk-p.jp/wp-content/uploads/mhc/39-211-D-01.jpg,第15弾,
39-713-A001,高知県,香美市 (A001),http://www.gk-p.jp/wp-content/uploads/mhc/39-212-A-01.jpg,第25弾,
39-713-B001,高知県,香美市 (B001),http://www.gk-p.jp/wp-content/uploads/mhc/39-212-B-01.jpg,第26弾,
39-713-C001,高知県,香美市(C001),http://www.gk-p.jp/wp-content/uploads/mhc/39-212-C-01.jpg,第27弾,
39-713-D001,高知県,香美市 (D001),http://www.gk-p.jp/wp-content/uploads/mhc/39-212-D-01.jpg,第28弾,
39-713-E001,高知県,香美市 (E001),http://www.gk-p.jp/wp-content/uploads/mhc/39-212-E-01.jpg,第29弾,39-212-E
39-714-A001,高知県,高知市,http://www.gk-p.jp/wp-content/uploads/mhc/39-201-A-01.jpg,第1弾,
39-715-流域下水道,高知県,高知県 (流域下水道),http://www.gk-p.jp/wp-content/uploads/mhc/39-000-A-01.jpg,第05弾,
40-716-A001,福岡県,中間市 (A001),http://www.gk-p.jp/wp-content/uploads/mhc/40-215-A-01.jpg,第29弾,40-215-A
40-717-A001,福岡県,久留米市,http://www.gk-p.jp/wp-content/uploads/mhc/40-203-A-01.jpg,第6弾,
40-718-A001,福岡県,北九州市 (A001),http://www.gk-p.jp/wp-content/uploads/mhc/40-100-A-01.jpg,第1弾,
40-718-B001,福岡県,北九州市 (B001),http://www.gk-p.jp/wp-content/uploads/mhc/40-100-B-01.jpg,第5弾,
40-718-C001,福岡県,北九州市 (C001),http://www.gk-p.jp/wp-content/uploads/mhc/40-100-C-01.jpg,第8弾,
40-718-D001,福岡県,北九州市 (D001),http://www.gk-p.jp/wp-content/uploads/mhc/40-100-D-01.jpg,第9弾,
40-719-A001,福岡県,古賀市,http://www.gk-p.jp/wp-content/uploads/mhc/40-223-A-01.jpg,第13弾,
40-720-A001,福岡県,大牟田市,http://www.gk-p.jp/wp-content/uploads/mhc/40-202-A-01.jpg,第7弾,
40-721-A001,福岡県,大野城市,http://www.gk-p.jp/wp-content/uploads/mhc/40-219-A-01.jpg,第8弾,
40-722-A001,福岡県,太宰府市 (A001),http://www.gk-p.jp/wp-content/uploads/mhc/40-221-A01.jpg,第17弾,
40-722-B001,福岡県,太宰府市 (B001),http://www.gk-p.jp/wp-content/uploads/mhc/40-221-B-01.jpg,第18弾,
40-722-C001,福岡県,太宰府市 (C001),http://www.gk-p.jp/wp-content/uploads/mhc/40-221-C-01.jpg,第19弾,
40-723-A001,福岡県,宇美町,http://www.gk-p.jp/wp-content/uploads/mhc/40-341-A-01.jpg,第12弾,
40-724-A001,福岡県,宗像市 (A001),http://www.gk-p.jp/wp-content/uploads/mhc/40-220-A-01.jpg,第3弾,
40-724-B001,福岡県,宗像市 (B001),http://www.gk-p.jp/wp-content/uploads/mhc/40-220-B-01.jpg,第9弾,
40-725-A001,福岡県,小郡市,http://www.gk-p.jp/wp-content/uploads/mhc/40-216-A-01.jpg,第7弾,
40-726-A001,福岡県,岡垣町,http://www.gk-p.jp/wp-content/uploads/mhc/40-383-A-01.jpg,第6弾,
40-727-A001,福岡県,志免町,http://www.gk-p.jp/wp-content/uploads/mhc/40-343-A-01.jpg,第5弾,
40-728-A001,福岡県,柳川市,http://www.gk-p.jp/wp-content/uploads/mhc/40-207-A-01.jpg,第25弾,
40-729-A001,福岡県,直方市 (A001),http://www.gk-p.jp/wp-content/uploads/mhc/40-204-A-01.jpg,第29弾,40-204-A
40-730-A001,福岡県,福岡市 (A001),http://www.gk-p.jp/wp-content/uploads/mhc/40-130-A-01.jpg,第01弾,
40-730-B001,福岡県,福岡市 (B001),http://www.gk-p.jp/wp-content/uploads/mhc/40-130-B-01.jpg,第02弾,
40-730-C001,福岡県,福岡市 (C001),http://www.gk-p.jp/wp-content/uploads/mhc/40-130-C02.jpg,第16弾,
40-731-流域下水道) (A001,福岡県,福岡県 (流域下水道) (A001),http://www.gk-p.jp/wp-content/uploads/mhc/40-000-A-01.jpg,第8弾,
40-731-流域下水道) (B001,福岡県,福岡県 (流域下水道) (B001),http://www.gk-p.jp/wp-content/uploads/mhc/40-000-B-01.jpg,第28弾,
40-732-A001,福岡県,筑後市,http://www.gk-p.jp/wp-content/uploads/mhc/40-211-A-01.jpg,第11弾,
40-733-A001,福岡県,芦屋町,http://www.gk-p.jp/wp-content/uploads/mhc/40-381-A-01.jpg,第9弾,
40-734-A001,福岡県,那珂川市 (A001),http://www.gk-p.jp/wp-content/uploads/mhc/40-231-A-01.jpg,第09弾,
40-734-B001,福岡県,那珂川市 (B001),http://www.gk-p.jp/wp-content/uploads/mhc/40-231-B-01.jpg,第27弾,
41-735-A001,佐賀県,みやき町,http://www.gk-p.jp/wp-content/uploads/mhc/41-346-A-01.jpg,第12弾,
41-736-A001,佐賀県,佐賀市(A001),http://www.gk-p.jp/wp-content/uploads/mhc/41-201-A-01.jpg,第02弾,
41-736-B001,佐賀県,佐賀市 (B001),http://www.gk-p.jp/wp-content/uploads/mhc/41-201-B-01.jpg,第14弾,
41-737-A001,佐賀県,有田町,http://www.gk-p.jp/wp-content/uploads/mhc/41-401-A-01.jpg,第22弾,
41-738-A001,佐賀県,武雄市,http://www.gk-p.jp/wp-content/uploads/mhc/41-206-A01.jpg,第17弾,
41-739-A001,佐賀県,江北町,http://www.gk-p.jp/wp-content/uploads/mhc/41-424-A-01.jpg,第5弾,
41-740-A001,佐賀県,白石町,http://www.gk-p.jp/wp-content/uploads/mhc/41-425-A-01.jpg,第9弾,
41-741-A001,佐賀県,神埼市,http://www.gk-p.jp/wp-content/uploads/mhc/41-210-A-01.jpg,第4弾,
41-742-A001,佐賀県,鳥栖市 (A001),http://www.gk-p.jp/wp-content/uploads/mhc/41-203-A-01.jpg,第28弾,
41-743-A001,佐賀県,鹿島市,http://www.gk-p.jp/wp-content/uploads/mhc/41-207-A-01.jpg,第7弾,
42-744-A001,長崎県,佐世保市,http://www.gk-p.jp/wp-content/uploads/mhc/42-202-A-01.jpg,第8弾,
42-745-A001,長崎県,南島原市,http://www.gk-p.jp/wp-content/uploads/mhc/42-214-A01.jpg,第16弾,
42-746-A001,長崎県,壱岐市,http://www.gk-p.jp/wp-content/uploads/mhc/42-210-A-01.jpg,第6弾,
42-747-A001,長崎県,大村市,http://www.gk-p.jp/wp-content/uploads/mhc/42-205-A-01.jpg,第4弾,
42-748-A001,長崎県,東彼杵町,http://www.gk-p.jp/wp-content/uploads/mhc/42-321-A-01.jpg,第27弾,
42-749-A001,長崎県,諫早市,http://www.gk-p.jp/wp-content/uploads/mhc/42-204-A-01.jpg,第4弾,
42-750-A001,長崎県,長与町,http://www.gk-p.jp/wp-content/uploads/mhc/42-307-A-01.jpg,第20弾,
42-751-A001,長崎県,長崎市 (A001),http://www.gk-p.jp/wp-content/uploads/mhc/42-201-A-01.jpg,第03弾,
42-751-B001,長崎県,長崎市 (B001),http://www.gk-p.jp/wp-content/uploads/mhc/42-201-B01.jpg,第16弾,
42-752-流域下水道,長崎県,長崎県 (流域下水道),http://www.gk-p.jp/wp-content/uploads/mhc/42-000-A-01.jpg,第08弾,
43-753-A001,熊本県,八代市 (A001),http://www.gk-p.jp/wp-content/uploads/mhc/43-202-A-01.jpg,第07弾,
43-753-B001,熊本県,八代市 (B001),http://www.gk-p.jp/wp-content/uploads/mhc/43-202-B-01.jpg,第14弾,
43-754-A001,熊本県,和水町,http://www.gk-p.jp/wp-content/uploads/mhc/43-369-A-01.jpg,第8弾,
43-755-A001,熊本県,宇城市,http://www.gk-p.jp/wp-content/uploads/mhc/43-213-A-01.jpg,第15弾,
43-756-A001,熊本県,水俣市,http://www.gk-p.jp/wp-content/uploads/mhc/43-205-A-01.jpg,第13弾,
43-757-A001,熊本県,熊本市 (A001),http://www.gk-p.jp/wp-content/uploads/mhc/43-100-A-01.jpg,第05弾,
43-757-B001,熊本県,熊本市 (B001),http://www.gk-p.jp/wp-content/uploads/mhc/43-100-B-01.jpg,第10弾,
43-757-C001,熊本県,熊本市 (C001),http://www.gk-p.jp/wp-content/uploads/mhc/43-100-C-01.jpg,第24弾,
43-757-D001,熊本県,熊本市 (D001),http://www.gk-p.jp/wp-content/uploads/mhc/43-100-D-01.jpg,第24弾,
43-757-E001,熊本県,熊本市 (E001),http://www.gk-p.jp/wp-content/uploads/mhc/43-100-E-01.jpg,第24弾,
43-757-F001,熊本県,熊本市 (F001),http://www.gk-p.jp/wp-content/uploads/mhc/43-100-F-01.jpg,第24弾,
43-757-G001,熊本県,熊本市 (G001),http://www.gk-p.jp/wp-content/uploads/mhc/43-100-G-01.jpg,第25弾,
43-757-H001,熊本県,熊本市 (H001),http://www.gk-p.jp/wp-content/uploads/mhc/43-100-H-01.jpg,第25弾,
43-757-I001,熊本県,熊本市 (I001),http://www.gk-p.jp/wp-content/uploads/mhc/43-100-I-01.jpg,第25弾,
43-757-J001,熊本県,熊本市 (J001),http://www.gk-p.jp/wp-content/uploads/mhc/43-100-J-01.jpg,第25弾,
43-757-K001,熊本県,熊本市(K001),http://www.gk-p.jp/wp-content/uploads/mhc/43-100-K-01.jpg,第27弾,
43-757-L001,熊本県,熊本市 (L001),http://www.gk-p.jp/wp-content/uploads/mhc/43-100-L-01.jpg,第28弾,
43-758-A001,熊本県,玉名市,http://www.gk-p.jp/wp-content/uploads/mhc/43-206-A-01.jpg,第5弾,
43-759-A001,熊本県,益城町 (A001),http://www.gk-p.jp/wp-content/uploads/mhc/43-443-A-01.jpg,第25弾,
43-759-B001,熊本県,益城町 (B001),http://www.gk-p.jp/wp-content/uploads/mhc/43-443-B-01.jpg,第29弾,43-443-B
43-760-A001,熊本県,苓北町,http://www.gk-p.jp/wp-content/uploads/mhc/43-531-A-01.jpg,第7弾,
43-761-A001,熊本県,荒尾市,http://www.gk-p.jp/wp-content/uploads/mhc/43-204-A-01.jpg,第11弾,
44-762-A001,大分県,中津市,http://www.gk-p.jp/wp-content/uploads/mhc/44-203-A01.jpg,第17弾,
44-763-A001,大分県,佐伯市,http://www.gk-p.jp/wp-content/uploads/mhc/44-205-A-01.jpg,第5弾,
44-764-A001,大分県,別府市,http://www.gk-p.jp/wp-content/uploads/mhc/44-202-A-01.jpg,第25弾,
44-765-A001,大分県,大分市 (A001),http://www.gk-p.jp/wp-content/uploads/mhc/44-201-A-01.jpg,第08弾,
44-765-B001,大分県,大分市 (B001),http://www.gk-p.jp/wp-content/uploads/mhc/44-201-B-01.jpg,第20弾,
44-765-C001,大分県,大分市 (C001),http://www.gk-p.jp/wp-content/uploads/mhc/44-201-C-01.jpg,第21弾,
44-765-D001,大分県,大分市 (D001),http://www.gk-p.jp/wp-content/uploads/mhc/44-201-D-01.jpg,第26弾,
44-766-A001,大分県,日出町,http://www.gk-p.jp/wp-content/uploads/mhc/44-341-A-01.jpg,第10弾,
44-767-A001,大分県,杵築市,http://www.gk-p.jp/wp-content/uploads/mhc/44-210-A-01.jpg,第12弾,
44-768-A001,大分県,豊後高田市 (A001),http://www.gk-p.jp/wp-content/uploads/mhc/44-209-A-01.jpg,第28弾,
45-769-A001,宮崎県,宮崎市 (A001),http://www.gk-p.jp/wp-content/uploads/mhc/45-201-A-01.jpg,第03弾,
45-769-B001,宮崎県,宮崎市 (B001),http://www.gk-p.jp/wp-content/uploads/mhc/45-201-B-01.jpg,第24弾,
45-770-A001,宮崎県,小林市,http://www.gk-p.jp/wp-content/uploads/mhc/45-205-A-01.jpg,第25弾,
45-771-A001,宮崎県,日向市,http://www.gk-p.jp/wp-content/uploads/mhc/45-206-A-01.jpg,第18弾,
46-772-A001,鹿児島県,出水市,http://www.gk-p.jp/wp-content/uploads/mhc/46-208-A-01.jpg,第23弾,
46-773-A001,鹿児島県,南さつま市,http://www.gk-p.jp/wp-content/uploads/mhc/46-220-A-01.jpg,第18弾,
46-774-A001,鹿児島県,奄美市 (A001),http://www.gk-p.jp/wp-content/uploads/mhc/46-222-A-01.jpg,第07弾,
46-774-B001,鹿児島県,奄美市 (B001),http://www.gk-p.jp/wp-content/uploads/mhc/46-222-B-01.jpg,第21弾,
46-775-A001,鹿児島県,徳之島町,http://www.gk-p.jp/wp-content/uploads/mhc/46-530-A01.jpg,第16弾,
46-776-A001,鹿児島県,指宿市,http://www.gk-p.jp/wp-content/uploads/mhc/46-210-A-01.jpg,第8弾,
46-777-A001,鹿児島県,日置市,http://www.gk-p.jp/wp-content/uploads/mhc/46-216-A-01.jpg,第06弾,
46-778-A001,鹿児島県,枕崎市,http://www.gk-p.jp/wp-content/uploads/mhc/46-204-A-01.jpg,第12弾,
46-779-A001,鹿児島県,知名町,http://www.gk-p.jp/wp-content/uploads/mhc/46-534-A-01.jpg,第6弾,
46-780-A001,鹿児島県,薩摩川内市 (A001),http://www.gk-p.jp/wp-content/uploads/mhc/46-215-A-01.jpg,第11弾,
46-780-B001,鹿児島県,薩摩川内市 (B001),http://www.gk-p.jp/wp-content/uploads/mhc/46-215-B-01.jpg,第29弾,46-215-B
46-781-A001,鹿児島県,霧島市 (A001),http://www.gk-p.jp/wp-content/uploads/mhc/46-218-A-01.jpg,第08弾,
46-781-B001,鹿児島県,霧島市 (B001),http://www.gk-p.jp/wp-content/uploads/mhc/46-218-B-01.jpg,第14弾,
46-781-C001,鹿児島県,霧島市 (C001),http://www.gk-p.jp/wp-content/uploads/mhc/46-218-C-01.jpg,第22弾,
46-782-A001,鹿児島県,鹿児島市 (A001),http://www.gk-p.jp/wp-content/uploads/mhc/46-201-A-01.jpg,第08弾,
46-782-B001,鹿児島県,鹿児島市 (B001),http://www.gk-p.jp/wp-content/uploads/mhc/46-201-B-01.jpg,第12弾,
46-782-C001,鹿児島県,鹿児島市 (C001),http://www.gk-p.jp/wp-content/uploads/mhc/46-201-C01.jpg,第17弾,
46-783-A001,鹿児島県,鹿屋市,http://www.gk-p.jp/wp-content/uploads/mhc/46-203-A-01.jpg,第20弾,
47-784-A001,沖縄県,うるま市,http://www.gk-p.jp/wp-content/uploads/mhc/47-213-A-01.jpg,第27弾,
47-785-A001,沖縄県,中城村,http://www.gk-p.jp/wp-content/uploads/mhc/47-328-A-01.jpg,第5弾,
47-786-A001,沖縄県,北谷町 (A001),http://www.gk-p.jp/wp-content/uploads/mhc/47-326-A-01.jpg,第07弾,
47-786-B001,沖縄県,北谷町 (B001),http://www.gk-p.jp/wp-content/uploads/mhc/47-326-B01.jpg,第16弾,
47-787-A001,沖縄県,名護市 (A001),http://www.gk-p.jp/wp-content/uploads/mhc/47-209-A-01.jpg,第6弾,
47-787-B001,沖縄県,名護市 (B001),http://www.gk-p.jp/wp-content/uploads/mhc/47-209-B-01.jpg,第12弾,
47-787-C001,沖縄県,名護市 (C001),http://www.gk-p.jp/wp-content/uploads/mhc/47-209-C-01.jpg,第13弾,
47-788-A001,沖縄県,宜野座村,http://www.gk-p.jp/wp-content/uploads/mhc/47-313-A-01.jpg,第18弾,
47-789-A001,沖縄県,宜野湾市 (A001),http://www.gk-p.jp/wp-content/uploads/mhc/47-205-A-01.jpg,第18弾,
47-789-B001,沖縄県,宜野湾市 (B001),http://www.gk-p.jp/wp-content/uploads/mhc/47-205-B-01.jpg,第21弾,
47-790-A001,沖縄県,宮古島市 (A001),http://www.gk-p.jp/wp-content/uploads/mhc/47-214-A-01.jpg,第29弾,47-214-A
47-791-A001,沖縄県,本部町,http://www.gk-p.jp/wp-content/uploads/mhc/47-308-A-01.jpg,第26弾,
47-792-A001,沖縄県,沖縄市,http://www.gk-p.jp/wp-content/uploads/mhc/47-211-A-01.jpg,第12弾,
47-793-流域下水道 ・B001,沖縄県,沖縄県 (流域下水道 ・B001),http://www.gk-p.jp/wp-content/uploads/mhc/47-000-B01.jpg,第16弾,
47-793-流域下水道・A001,沖縄県,沖縄県 (流域下水道・A001),http://www.gk-p.jp/wp-content/uploads/mhc/47-000-A-01.jpg,第02弾,
47-794-A001,沖縄県,那覇市 (A001),http://www.gk-p.jp/wp-content/uploads/mhc/47-201-A-01.jpg,第8弾,
47-794-B001,沖縄県,那覇市 (B001),http://www.gk-p.jp/wp-content/uploads/mhc/47-201-B-01.jpg,第13弾,
98-795-A001,世界,シェムリアップ市,https://anythingsearch.info/card/wp-content/uploads/2023/04/a7985dbaf69d04162970f805ccd0d69e.jpg,第19弾,
99-796-A001,その他,UR都市機構,http://www.gk-p.jp/wp-content/uploads/mhc/00-102-A-01.jpg,第18弾,
99-796-B001,その他,UR都市機構 (B001),http://www.gk-p.jp/wp-content/uploads/mhc/00-102-B-01.jpg,第27弾,
99-797-A001,その他,日本下水道事業団,http://www.gk-p.jp/wp-content/uploads/mhc/00-101-A01.jpg,第17弾,