カードID,管理番号,都道府県,自治体,シリーズ,緯度,経度,ピクトグラム情報
14-100-P,P-2-2-1-1,神奈川県,横浜市,プロモーションカード,35.3949722222222,139.530111111111,"015:スポーツ(1), 029:川(1)"
01-100-A,1-1-1-1,北海道,札幌市,第１弾,43.0624444444444,141.353555555556,"002:木(1), 004:魚(1), 010:観光名所(1), 024:歴史的建造物(1), 029:川(1)"
05-201-A,2-1-1-1,秋田県,秋田市,第１弾,39.7163333333333,140.132111111111,013:祭(1)
06-203-A,3-2-1-1,山形県,鶴岡市,第１弾,38.7588333333333,139.734861111111,"004:魚(2), 010:観光名所(2), 027:海(1)"
08-201-A,4-1-1-1,茨城県,水戸市,第１弾,36.3784166666667,140.465472222222,"001:花(1), 019:キャラクター(1)"
11-100-A,5-2-1-1,埼玉県,さいたま市,第１弾,35.8947222222222,139.638277777778,"001:花(2), 002:木(2)"
11-208-A,6-3-2-1,埼玉県,所沢市,第１弾,35.7862222222222,139.474611111111,"015:スポーツ(1), 019:キャラクター(2)"
13-100-A,7-4-1-1,東京都,東京23区,第１弾,35.7379444444444,139.785194444444,"001:花(3), 002:木(3), 003:鳥(1)"
13-201-A,8-5-2-1,東京都,八王子市,第１弾,35.6311388888889,139.267138888889,026:その他(1)
14-150-A,9-6-1-1,神奈川県,相模原市,第１弾,35.5706388888889,139.393583333333,001:花(4)
14-201-A,10-7-2-1,神奈川県,横須賀市,第１弾,35.2833888888889,139.674583333333,"010:観光名所(3), 012:乗物(1), 016:偉人(1), 024:歴史的建造物(2), 027:海(2)"
15-100-A,11-1-1-1,新潟県,新潟市,第１弾,37.9136666666667,139.061888888889,023:橋梁(1)
20-000-A,12-1-1-1,長野県,流域下水道,第１弾,36.0632777777778,138.080138888889,"002:木(4), 013:祭(2)"
21-404-A,13-2-1-1,岐阜県,池田町,第１弾,35.4427777777778,136.573694444444,002:木(5)
22-210-A,14-3-1-1,静岡県,富士市,第１弾,35.1574166666667,138.651861111111,"021:富士山(1), 027:海(3), 031:世界遺産(1)"
23-100-A,15-4-1-1,愛知県,名古屋市,第１弾,35.1808055555556,136.905694444444,"006:昆虫(1), 030:湖・沼(1)"
23-207-A,16-5-2-1,愛知県,豊川市,第１弾,34.8223888888889,137.397361111111,"001:花(5), 002:木(6), 019:キャラクター(3)"
27-100-A,17-1-1-1,大阪府,大阪市,第１弾,34.6934722222222,135.462583333333,"001:花(6), 010:観光名所(4), 022:お城(1)"
27-140-A,18-2-2-1,大阪府,堺市,第１弾,34.5643333333333,135.492861111111,"010:観光名所(5), 012:乗物(2), 024:歴史的建造物(3), 027:海(4)"
27-227-A,19-3-3-1,大阪府,東大阪市,第１弾,34.6793333333333,135.601444444444,"010:観光名所(6), 014:イベント(1), 015:スポーツ(2)"
28-100-A,20-4-1-1,兵庫県,神戸市,第１弾,34.7093611111111,135.214944444444,"003:鳥(2), 005:動物(1), 010:観光名所(7)"
33-100-A,21-1-1-1,岡山県,岡山市,第１弾,34.6616388888889,133.918944444444,"003:鳥(3), 005:動物(2), 018:おとぎ話(1)"
33-202-A,22-2-2-1,岡山県,倉敷市,第１弾,34.5921666666667,133.772388888889,"001:花(7), 002:木(7), 010:観光名所(8)"
34-100-A,23-3-1-1,広島県,広島市,第１弾,34.3920277777778,132.482972222222,"002:木(8), 015:スポーツ(3), 019:キャラクター(4)"
39-201-A,24-1-1-1,高知県,高知市,第１弾,33.5600555555556,133.536111111111,"005:動物(3), 027:海(5)"
39-206-A,25-2-2-1,高知県,須崎市,第１弾,33.3898888888889,133.286833333333,"001:花(8), 003:鳥(4)"
39-211-A,26-3-3-1,高知県,香南市,第１弾,33.5577777777778,133.724944444444,"001:花(9), 003:鳥(5)"
39-211-B,27-4-4-2,高知県,香南市,第１弾,33.543,133.738444444444,001:花(10)
39-211-C,28-5-5-3,高知県,香南市,第１弾,33.5378333333333,133.758194444444,"002:木(9), 010:観光名所(9), 027:海(6)"
40-100-A,29-1-1-1,福岡県,北九州市,第１弾,33.8719166666667,130.807888888889,"024:歴史的建造物(4), 031:世界遺産(2)"
40-130-A,30-2-2-1,福岡県,福岡市,第１弾,33.5911666666667,130.352055555556,"003:鳥(6), 012:乗物(3), 025:幾何学模様(1)"
01-208-A,31-2-2-1,北海道,北見市,第２弾,43.8039166666667,143.895277777778,"008:野菜(1), 009:名物品(1), 010:観光名所(10), 015:スポーツ(4), 024:歴史的建造物(5)"
01-334-A,32-3-3-1,北海道,木古内町,第２弾,41.6775833333333,140.435,"003:鳥(7), 010:観光名所(11), 012:乗物(4), 027:海(7)"
07-202-A,33-3-1-1,福島県,会津若松市,第２弾,37.4880277777778,139.928555555556,"002:木(10), 028:山(1), 030:湖・沼(2)"
07-203-A,34-4-2-1,福島県,郡山市,第２弾,37.396,140.384777777778,"001:花(11), 002:木(11), 003:鳥(8)"
07-203-B,35-5-3-2,福島県,郡山市,第２弾,37.38925,140.089916666667,"001:花(12), 028:山(2), 030:湖・沼(3)"
08-220-A,36-8-2-1,茨城県,つくば市,第２弾,36.0829444444445,140.111666666667,"012:乗物(5), 028:山(3)"
09-202-A,37-9-1-1,栃木県,足利市,第２弾,36.3343888888889,139.452222222222,"002:木(12), 010:観光名所(12), 024:歴史的建造物(6)"
12-204-A,38-10-1-1,千葉県,船橋市,第２弾,35.6963611111111,139.989972222222,"001:花(13), 012:乗物(6), 027:海(8)"
12-217-A,39-11-2-1,千葉県,柏市,第２弾,35.8703333333333,139.976527777778,"001:花(14), 002:木(13), 003:鳥(9)"
12-224-A,40-12-3-1,千葉県,鎌ケ谷市,第２弾,35.7814166666667,140,025:幾何学模様(2)
13-211-A,41-13-3-1,東京都,小平市,第２弾,35.7201388888889,139.464638888889,021:富士山(2)
14-100-A,42-14-3-1,神奈川県,横浜市,第２弾,35.4384722222222,139.650527777778,"023:橋梁(2), 027:海(9)"
16-201-A,43-2-1-1,富山県,富山市,第２弾,36.6933055555556,137.209083333333,001:花(15)
17-209-A,44-3-1-1,石川県,かほく市,第２弾,36.7218611111111,136.705555555556,"019:キャラクター(5), 020:広告宣伝(1)"
18-201-A,45-4-1-1,福井県,福井市,第２弾,36.0670277777778,136.217444444444,003:鳥(10)
19-210-A,46-6-1-1,山梨県,甲斐市,第２弾,35.6686666666667,138.520166666667,"001:花(16), 019:キャラクター(6), 028:山(4), 029:川(2)"
19-214-A,47-7-2-1,山梨県,中央市,第２弾,35.5946111111111,138.526444444444,"001:花(17), 002:木(14), 003:鳥(11)"
21-216-A,48-8-2-1,岐阜県,瑞穂市,第２弾,35.4013055555556,136.6495,"002:木(15), 004:魚(3), 028:山(5), 029:川(3)"
21-404-B,49-9-3-2,岐阜県,池田町,第２弾,35.44225,136.572861111111,"002:木(16), 004:魚(4), 019:キャラクター(7), 029:川(4)"
23-100-B,50-10-3-2,愛知県,名古屋市,第２弾,35.1681388888889,136.8925,"023:橋梁(3), 024:歴史的建造物(7), 029:川(5)"
23-201-A,51-11-4-1,愛知県,豊橋市,第２弾,34.7679166666667,137.383222222222,"012:乗物(7), 027:海(10)"
23-201-B,52-12-5-2,愛知県,豊橋市,第２弾,34.7679444444444,137.383222222222,"001:花(18), 011:鉄道(1), 024:歴史的建造物(8)"
23-201-C,53-13-6-3,愛知県,豊橋市,第２弾,34.7679722222222,137.383222222222,"002:木(17), 009:名物品(2), 022:お城(2), 029:川(6)"
23-202-A,54-14-7-1,愛知県,岡崎市,第２弾,34.9557777777778,137.162611111111,"001:花(19), 013:祭(3), 022:お城(3)"
23-211-A,55-15-8-1,愛知県,豊田市,第２弾,35.1381666666667,137.319305555556,"002:木(18), 009:名物品(3), 010:観光名所(13), 023:橋梁(4), 029:川(7)"
25-000-A,56-5-1-1,滋賀県,流域下水道,第２弾,35.0112777777778,135.916472222222,"003:鳥(12), 012:乗物(8), 025:幾何学模様(3), 028:山(6), 030:湖・沼(4)"
26-100-A,57-6-1-1,京都府,京都市,第２弾,35.0021388888889,135.7745,025:幾何学模様(4)
26-206-A,58-7-2-1,京都府,亀岡市,第２弾,35.0141666666667,135.572972222222,025:幾何学模様(5)
26-344-A,59-8-3-1,京都府,宇治田原町,第２弾,34.8553611111111,135.864111111111,"002:木(19), 009:名物品(4)"
27-000-A,60-9-4-1,大阪府,流域下水道,第２弾,34.7020277777778,135.593166666667,"001:花(20), 002:木(20), 019:キャラクター(8)"
27-231-A,61-10-5-1,大阪府,大阪狭山市,第２弾,34.5055555555556,135.553638888889,"002:木(21), 010:観光名所(14)"
28-201-A,62-11-2-1,兵庫県,姫路市,第２弾,34.8278055555556,134.690305555556,"010:観光名所(15), 022:お城(4), 031:世界遺産(3)"
28-202-A,63-12-3-1,兵庫県,尼崎市,第２弾,34.7341388888889,135.405972222222,005:動物(4)
29-203-A,64-13-1-1,奈良県,大和郡山市,第２弾,34.6513611111111,135.781944444444,"004:魚(5), 009:名物品(5)"
30-201-A,65-14-1-1,和歌山県,和歌山市,第２弾,34.2283055555556,135.173555555556,009:名物品(6)
30-366-A,66-15-2-1,和歌山県,有田川町,第２弾,34.0683055555556,135.211305555556,"001:花(21), 007:果物(1), 029:川(8)"
31-372-A,67-4-1-1,鳥取県,北栄町,第２弾,35.4913333333333,133.755027777778,019:キャラクター(9)
33-202-B,68-5-3-2,岡山県,倉敷市,第２弾,34.4722222222222,133.803527777778,009:名物品(7)
34-000-A,69-6-2-1,広島県,流域下水道,第２弾,34.3906111111111,133.319583333333,"004:魚(6), 012:乗物(9), 014:イベント(2), 027:海(11)"
37-000-A,70-6-1-1,香川県,流域下水道,第２弾,34.2472777777778,133.926555555556,"018:おとぎ話(2), 019:キャラクター(10)"
37-000-A,71-7-2-2,香川県,流域下水道,第２弾,34.1876944444444,133.8215,"018:おとぎ話(3), 019:キャラクター(11)"
40-130-B,72-3-3-2,福岡県,福岡市,第２弾,33.5935555555556,130.366722222222,"015:スポーツ(5), 019:キャラクター(12)"
41-201-A,73-4-1-1,佐賀県,佐賀市,第２弾,33.2461944444444,130.303194444444,"004:魚(7), 027:海(12)"
47-000-A,74-5-1-1,沖縄県,流域下水道,第２弾,26.2160555555556,127.666777777778,026:その他(2)
01-202-A,75-4-4-1,北海道,函館市,第３弾,41.7638888888889,140.717972222222,"004:魚(8), 027:海(13)"
01-219-A,76-5-5-1,北海道,紋別市,第３弾,44.3466388888889,143.357722222222,"003:鳥(13), 005:動物(5), 010:観光名所(16), 027:海(14)"
03-205-A,77-6-1-1,岩手県,花巻市,第３弾,39.3879722222222,141.114527777778,"001:花(22), 013:祭(4)"
04-501-A,78-7-1-1,宮城県,涌谷町,第３弾,38.5313888888889,141.131333333333,"001:花(23), 010:観光名所(17), 022:お城(5)"
06-210-A,79-8-2-1,山形県,天童市,第３弾,38.35975,140.381277777778,"002:木(22), 009:名物品(8)"
07-201-A,80-9-4-1,福島県,福島市,第３弾,37.7768055555556,140.483305555556,013:祭(5)
08-205-A,81-15-3-1,茨城県,石岡市,第３弾,36.1881388888889,140.274083333333,013:祭(6)
09-201-A,82-16-2-1,栃木県,宇都宮市,第３弾,36.5608888888889,139.885944444444,"002:木(23), 009:名物品(9), 019:キャラクター(13)"
09-210-A,83-17-3-1,栃木県,大田原市,第３弾,36.8679722222222,140.026027777778,"005:動物(6), 016:偉人(2), 027:海(15)"
10-201-A,84-18-1-1,群馬県,前橋市,第３弾,36.4193611111111,139.0495,001:花(24)
10-207-A,85-19-2-1,群馬県,館林市,第３弾,36.2461111111111,139.528722222222,"001:花(25), 019:キャラクター(14)"
10-210-A,86-20-3-1,群馬県,富岡市,第３弾,36.2572222222222,138.889444444444,"001:花(26), 009:名物品(10), 010:観光名所(18), 024:歴史的建造物(9), 031:世界遺産(4)"
11-202-A,87-21-3-1,埼玉県,熊谷市,第３弾,36.1741944444444,139.329666666667,"001:花(27), 004:魚(9), 014:イベント(3), 029:川(9)"
11-206-A,88-22-4-1,埼玉県,行田市,第３弾,36.1386111111111,139.456416666667,"001:花(28), 002:木(24), 022:お城(6)"
11-222-A,89-23-5-1,埼玉県,越谷市,第３弾,35.8888611111111,139.786027777778,"002:木(25), 003:鳥(14)"
11-347-A,90-24-6-1,埼玉県,吉見町,第３弾,36.0365555555556,139.458055555556,"010:観光名所(19), 024:歴史的建造物(10), 028:山(7)"
12-216-A,91-25-4-1,千葉県,習志野市,第３弾,35.6901388888889,140.026527777778,"003:鳥(15), 030:湖・沼(5)"
13-227-A,92-26-4-1,東京都,羽村市,第３弾,35.7582777777778,139.315722222222,"001:花(29), 002:木(26), 010:観光名所(20), 024:歴史的建造物(11), 029:川(10)"
14-212-A,93-27-4-1,神奈川県,厚木市,第３弾,35.4412777777778,139.36375,002:木(27)
15-208-A,94-5-2-1,新潟県,小千谷市,第３弾,37.3093333333333,138.796194444444,004:魚(10)
18-205-A,95-6-2-1,福井県,大野市,第３弾,35.9759166666667,136.490388888889,004:魚(11)
19-212-A,96-16-3-1,山梨県,上野原市,第３弾,35.63,139.108916666667,"002:木(28), 004:魚(12), 029:川(11)"
20-000-B,97-17-2-2,長野県,流域下水道,第３弾,36.3236944444444,137.914277777778,"010:観光名所(21), 028:山(8)"
22-304-A,98-18-2-1,静岡県,南伊豆町,第３弾,34.6510833333333,138.858527777778,"001:花(30), 010:観光名所(22), 014:イベント(4), 029:川(12)"
23-204-A,99-19-9-1,愛知県,瀬戸市,第３弾,35.2263055555556,137.101444444444,"001:花(31), 002:木(29), 009:名物品(11), 025:幾何学模様(6)"
23-212-A,100-20-10-1,愛知県,安城市,第３弾,34.9595277777778,137.085194444444,018:おとぎ話(4)
24-204-A,101-21-1-1,三重県,松阪市,第３弾,34.5777777777778,136.528194444444,"005:動物(7), 009:名物品(12)"
25-206-A,102-16-2-1,滋賀県,草津市,第３弾,35.0148333333333,135.959583333333,"002:木(30), 029:川(13)"
26-000-A,103-17-4-1,京都府,流域下水道,第３弾,35.5611944444444,135.210722222222,"003:鳥(16), 010:観光名所(23), 027:海(16), 028:山(9)"
27-203-A,104-18-6-1,大阪府,豊中市,第３弾,34.7701944444444,135.4695,"001:花(32), 005:動物(8)"
27-207-A,105-19-7-1,大阪府,高槻市,第３弾,34.8525,135.613194444444,"001:花(33), 002:木(31), 010:観光名所(24), 029:川(14)"
27-219-A,106-20-8-1,大阪府,和泉市,第３弾,34.4860833333333,135.425222222222,"003:鳥(17), 004:魚(13), 029:川(15)"
27-322-A,107-21-9-1,大阪府,能勢町,第３弾,34.9429166666667,135.410444444444,"009:名物品(13), 010:観光名所(25)"
29-344-A,108-22-2-1,奈良県,斑鳩町,第３弾,34.6128055555556,135.735611111111,"001:花(34), 002:木(32), 010:観光名所(26), 024:歴史的建造物(12), 029:川(16), 031:世界遺産(5)"
31-403-A,109-7-2-1,鳥取県,江府町,第３弾,35.2831944444444,133.488555555556,"001:花(35), 028:山(10)"
34-212-A,110-8-3-1,広島県,東広島市,第３弾,34.4310833333333,132.744055555556,"009:名物品(14), 010:観光名所(27), 012:乗物(10)"
35-203-A,111-9-1-1,山口県,山口市,第３弾,34.1763888888889,131.476944444444,013:祭(7)
35-207-A,112-10-2-1,山口県,下松市,第３弾,34.0110833333333,131.870694444444,"004:魚(14), 010:観光名所(28), 023:橋梁(5), 027:海(17)"
37-201-A,113-8-3-1,香川県,高松市,第３弾,34.3388055555556,134.052305555556,"010:観光名所(29), 016:偉人(3), 017:文学史(1), 027:海(18), 028:山(11)"
37-205-A,114-9-4-1,香川県,観音寺市,第３弾,34.1285555555556,133.662833333333,"002:木(33), 010:観光名所(30)"
38-201-A,115-10-1-1,愛媛県,松山市,第３弾,33.8418611111111,132.768888888889,"001:花(36), 009:名物品(15)"
38-204-A,116-11-2-1,愛媛県,八幡浜市,第３弾,33.4581388888889,132.418333333333,"002:木(34), 004:魚(15), 007:果物(2), 009:名物品(16), 012:乗物(11), 019:キャラクター(15), 027:海(19), 028:山(12)"
38-205-A,117-12-3-1,愛媛県,新居浜市,第３弾,33.9501388888889,133.295138888889,013:祭(8)
40-220-A,118-6-4-1,福岡県,宗像市,第３弾,33.8098888888889,130.537361111111,"002:木(35), 004:魚(16), 010:観光名所(31), 027:海(20)"
42-201-A,119-7-1-1,長崎県,長崎市,第３弾,32.7347777777778,129.869861111111,001:花(37)
45-201-A,120-8-1-1,宮崎県,宮崎市,第３弾,31.8025555555556,131.470027777778,001:花(38)
11-000-A,121-28-7-1,埼玉県,流域下水道,第４弾,35.8302777777778,139.656916666667,"001:花(39), 002:木(36), 004:魚(17)"
11-000-B,122-29-8-2,埼玉県,流域下水道,第４弾,36.1575555555556,139.408805555556,"006:昆虫(2), 028:山(13), 029:川(17)"
11-000-C,123-30-9-3,埼玉県,流域下水道,第４弾,35.796,139.478944444444,"012:乗物(12), 029:川(18)"
11-000-D,124-31-10-4,埼玉県,流域下水道,第４弾,35.9157222222222,139.762527777778,"004:魚(18), 012:乗物(13), 029:川(19)"
11-000-E,125-32-11-5,埼玉県,流域下水道,第４弾,36.0577222222222,139.68375,"003:鳥(18), 004:魚(19), 029:川(20)"
11-000-F,126-33-12-6,埼玉県,流域下水道,第４弾,36.1383055555556,139.285083333333,001:花(40)
11-000-G,127-34-13-7,埼玉県,流域下水道,第４弾,36.0563611111111,139.290722222222,"002:木(37), 003:鳥(19), 004:魚(20), 006:昆虫(3), 029:川(21)"
11-000-H,128-35-14-8,埼玉県,流域下水道,第４弾,36.25475,139.15525,025:幾何学模様(7)
11-201-A,129-36-15-1,埼玉県,川越市,第４弾,35.9251666666667,139.490138888889,"010:観光名所(32), 024:歴史的建造物(13)"
01-204-A,130-6-6-1,北海道,旭川市,第４弾,43.78025,142.294416666667,"014:イベント(5), 015:スポーツ(6), 028:山(14)"
01-213-A,131-7-7-1,北海道,苫小牧市,第４弾,42.6343055555556,141.605305555556,"015:スポーツ(7), 019:キャラクター(16)"
01-214-A,132-8-8-1,北海道,稚内市,第４弾,45.4198333333333,141.679666666667,"005:動物(9), 024:歴史的建造物(14), 027:海(21), 028:山(15)"
04-214-A,133-10-2-1,宮城県,東松島市,第４弾,38.3792777777778,141.157027777778,"001:花(41), 019:キャラクター(17)"
06-207-A,134-11-3-1,山形県,上山市,第４弾,38.1568055555556,140.276527777778,026:その他(3)
06-213-A,135-12-4-1,山形県,南陽市,第４弾,38.0495555555556,140.167638888889,"001:花(42), 002:木(38)"
07-205-A,136-13-5-1,福島県,白河市,第４弾,37.1093055555556,140.220416666667,"002:木(39), 010:観光名所(33), 022:お城(7), 030:湖・沼(6)"
08-205-B,137-37-4-2,茨城県,石岡市,第４弾,36.2456388888889,140.197611111111,"001:花(43), 002:木(40), 028:山(16)"
09-202-B,138-38-4-2,栃木県,足利市,第４弾,36.3356111111111,139.453055555556,002:木(41)
10-524-A,139-39-4-1,群馬県,大泉町,第４弾,36.2472777777778,139.406222222222,"001:花(44), 002:木(42)"
11-222-B,140-40-16-2,埼玉県,越谷市,第４弾,35.8895277777778,139.786333333333,"008:野菜(2), 019:キャラクター(18), 020:広告宣伝(2)"
11-224-A,141-41-17-1,埼玉県,戸田市,第４弾,35.8066944444444,139.669611111111,"001:花(45), 002:木(43), 012:乗物(14), 015:スポーツ(8), 030:湖・沼(7)"
12-203-A,142-42-5-1,千葉県,市川市,第４弾,35.7283333333333,139.907361111111,"001:花(46), 002:木(44)"
13-100-B,143-43-5-2,東京都,東京23区,第４弾,35.6333888888889,139.784277777778,"001:花(47), 002:木(45), 003:鳥(20)"
13-303-A,144-44-6-1,東京都,瑞穂町,第４弾,35.7709444444444,139.346972222222,"001:花(48), 002:木(46), 003:鳥(21)"
14-100-B,145-45-5-2,神奈川県,横浜市,第４弾,35.4869166666667,139.543083333333,"002:木(47), 003:鳥(22), 004:魚(21), 019:キャラクター(19), 029:川(22)"
14-100-C,146-46-6-3,神奈川県,横浜市,第４弾,35.4752222222222,139.54875,"001:花(49), 014:イベント(6), 019:キャラクター(20)"
15-212-A,147-7-3-1,新潟県,村上市,第４弾,38.2257777777778,139.481027777778,"002:木(48), 004:魚(22), 022:お城(8), 027:海(22), 029:川(23)"
18-206-A,148-8-3-1,福井県,勝山市,第４弾,36.0830833333333,136.509555555556,005:動物(10)
22-100-A,149-22-3-1,静岡県,静岡市,第４弾,34.977,138.38475,001:花(50)
22-130-A,150-23-4-1,静岡県,浜松市,第４弾,34.8066111111111,137.65025,"002:木(49), 019:キャラクター(21), 022:お城(9)"
23-203-A,151-24-11-1,愛知県,一宮市,第４弾,35.3063055555556,136.801722222222,001:花(51)
23-227-A,152-25-12-1,愛知県,高浜市,第４弾,34.9211944444444,136.988888888889,"005:動物(11), 013:祭(9)"
24-210-A,153-26-2-1,三重県,亀山市,第４弾,34.8523611111111,136.393222222222,"010:観光名所(34), 019:キャラクター(22), 024:歴史的建造物(15)"
27-214-A,154-23-10-1,大阪府,富田林市,第４弾,34.5040555555556,135.601222222222,"001:花(52), 002:木(50), 024:歴史的建造物(16), 028:山(17)"
27-218-A,155-24-11-1,大阪府,大東市,第４弾,34.7191944444444,135.642944444444,"002:木(51), 010:観光名所(35), 012:乗物(15), 014:イベント(7), 024:歴史的建造物(17), 028:山(18), 029:川(24)"
27-225-A,156-25-12-1,大阪府,高石市,第４弾,34.5280555555556,135.429361111111,"002:木(52), 027:海(23)"
27-301-A,157-26-13-1,大阪府,島本町,第４弾,34.8838333333333,135.672833333333,"001:花(53), 002:木(53), 006:昆虫(4), 029:川(25)"
29-204-A,158-27-3-1,奈良県,天理市,第４弾,34.5718611111111,135.848888888889,026:その他(4)
31-202-A,159-11-3-1,鳥取県,米子市,第４弾,35.4586388888889,133.363027777778,001:花(54)
31-302-A,160-12-4-1,鳥取県,岩美町,第４弾,35.5928055555556,134.338916666667,"002:木(54), 010:観光名所(36), 027:海(24)"
32-206-A,161-13-1-1,島根県,安来市,第４弾,35.4289166666667,133.259166666667,004:魚(23)
34-204-A,162-14-4-1,広島県,三原市,第４弾,34.4012222222222,133.081583333333,"022:お城(10), 027:海(25)"
35-203-B,163-15-3-2,山口県,山口市,第４弾,34.0943888888889,131.395444444444,"001:花(55), 011:鉄道(2), 017:文学史(2)"
36-202-A,164-13-1-1,徳島県,鳴門市,第４弾,34.1788888888889,134.608833333333,"004:魚(24), 007:果物(3), 010:観光名所(37), 023:橋梁(6), 027:海(26)"
37-202-A,165-14-5-1,香川県,丸亀市,第４弾,34.2917777777778,133.790638888889,"009:名物品(17), 010:観光名所(38), 022:お城(11)"
37-341-A,166-15-6-1,香川県,三木町,第４弾,34.2826388888889,134.125833333333,"002:木(55), 010:観光名所(39)"
38-203-A,167-16-4-1,愛媛県,宇和島市,第４弾,33.2208333333333,132.567166666667,013:祭(10)
41-210-A,168-9-2-1,佐賀県,神埼市,第４弾,33.3106111111111,130.373027777778,"002:木(56), 009:名物品(18), 010:観光名所(40), 028:山(19), 029:川(26)"
42-204-A,169-10-2-1,長崎県,諫早市,第４弾,32.8424722222222,130.055277777778,"001:花(56), 010:観光名所(41), 023:橋梁(7)"
42-205-A,170-11-3-1,長崎県,大村市,第４弾,32.8975277777778,129.958666666667,001:花(57)
01-216-A,171-9-9-1,北海道,芦別市,第５弾,43.5171111111111,142.184444444444,005:動物(12)
01-217-A,172-10-10-1,北海道,江別市,第５弾,43.0930555555556,141.529555555556,"002:木(57), 009:名物品(19), 029:川(27)"
01-231-A,173-11-11-1,北海道,恵庭市,第５弾,42.8824166666667,141.586111111111,"001:花(58), 002:木(58), 003:鳥(23)"
01-464-A,174-12-12-1,北海道,和寒町,第５弾,44.0236388888889,142.413138888889,002:木(59)
01-465-A,175-13-13-1,北海道,剣淵町,第５弾,44.0984166666667,142.359861111111,"005:動物(13), 010:観光名所(42), 019:キャラクター(23)"
02-201-A,176-14-1-1,青森県,青森市,第５弾,40.8341666666667,140.790027777778,013:祭(11)
04-424-A,177-15-3-1,宮城県,大衡村,第５弾,38.4669166666667,140.879138888889,001:花(59)
06-206-A,178-16-5-1,山形県,寒河江市,第５弾,38.3801944444444,140.278694444444,"001:花(60), 002:木(60), 007:果物(4)"
07-204-A,179-17-6-1,福島県,いわき市,第５弾,36.9463333333333,140.903972222222,"002:木(61), 003:鳥(24), 027:海(27)"
07-210-A,180-18-7-1,福島県,二本松市,第５弾,37.5969722222222,140.431555555556,"001:花(61), 002:木(62), 003:鳥(25)"
07-301-A,181-19-8-1,福島県,桑折町,第５弾,37.8437222222222,140.518833333333,"001:花(62), 010:観光名所(43), 024:歴史的建造物(18)"
08-222-A,182-47-5-1,茨城県,鹿嶋市,第５弾,35.9548055555556,140.674694444444,015:スポーツ(9)
10-000-A,183-48-5-1,群馬県,流域下水道,第５弾,36.2974444444444,139.110722222222,"001:花(63), 002:木(63), 003:鳥(26), 004:魚(25), 028:山(20), 029:川(28)"
11-219-A,184-49-18-1,埼玉県,上尾市,第５弾,35.9737222222222,139.587666666667,"001:花(64), 019:キャラクター(24)"
11-243-A,185-50-19-1,埼玉県,吉川市,第５弾,35.8962777777778,139.853694444444,"001:花(65), 019:キャラクター(25)"
13-100-C,186-51-7-3,東京都,東京23区,第５弾,35.7016666666667,139.791416666667,"001:花(66), 002:木(64), 003:鳥(27)"
13-100-D,187-52-8-4,東京都,東京23区,第５弾,35.71825,139.859361111111,019:キャラクター(26)
13-210-A,188-53-9-1,東京都,小金井市,第５弾,35.6962222222222,139.522222222222,"001:花(67), 002:木(65), 010:観光名所(44)"
14-130-A,189-54-7-1,神奈川県,川崎市,第５弾,35.5304722222222,139.697833333333,026:その他(5)
15-204-A,190-9-4-1,新潟県,三条市,第５弾,37.6288333333333,138.959111111111,"009:名物品(20), 025:幾何学模様(8)"
15-212-B,191-10-5-2,新潟県,村上市,第５弾,38.3753055555556,139.458472222222,"003:鳥(28), 010:観光名所(45), 027:海(28)"
16-211-A,192-11-2-1,富山県,射水市,第５弾,36.7519166666667,137.084666666667,001:花(68)
20-213-A,193-27-3-1,長野県,飯山市,第５弾,36.8450833333333,138.359333333333,"002:木(66), 015:スポーツ(10)"
21-206-A,194-28-4-1,岐阜県,中津川市,第５弾,35.4899166666667,137.501472222222,013:祭(12)
21-219-A,195-29-5-1,岐阜県,郡上市,第５弾,35.7500277777778,136.960611111111,"004:魚(26), 029:川(29)"
22-203-A,196-30-5-1,静岡県,沼津市,第５弾,35.0845555555556,138.8585,"001:花(69), 002:木(67), 010:観光名所(46), 021:富士山(3), 027:海(29), 028:山(21)"
23-220-A,197-31-13-1,愛知県,稲沢市,第５弾,35.2314722222222,136.754583333333,"001:花(70), 002:木(68), 009:名物品(21), 019:キャラクター(27)"
23-226-A,198-32-14-1,愛知県,尾張旭市,第５弾,35.2164722222222,137.036,001:花(71)
23-229-A,199-33-15-1,愛知県,豊明市,第５弾,35.0526111111111,136.996888888889,"005:動物(14), 016:偉人(4)"
23-238-A,200-34-16-1,愛知県,長久手市,第５弾,35.1834166666667,137.038722222222,"001:花(72), 002:木(69)"
24-202-A,201-35-3-1,三重県,四日市市,第５弾,34.9668611111111,136.621472222222,017:文学史(3)
24-216-A,202-36-4-1,三重県,伊賀市,第５弾,34.7376666666667,136.159555555556,"001:花(73), 002:木(70), 003:鳥(29)"
25-201-A,203-28-3-1,滋賀県,大津市,第５弾,35.0236666666667,135.856555555556,"001:花(74), 002:木(71), 003:鳥(30), 012:乗物(16), 014:イベント(8), 019:キャラクター(28), 023:橋梁(8), 030:湖・沼(8)"
27-100-B,204-29-14-2,大阪府,大阪市,第５弾,34.6815833333333,135.501527777778,"001:花(75), 010:観光名所(47), 022:お城(12)"
27-226-A,205-30-15-1,大阪府,藤井寺市,第５弾,34.5693611111111,135.595944444444,"002:木(72), 025:幾何学模様(9)"
27-228-A,206-31-16-1,大阪府,泉南市,第５弾,34.3660277777778,135.272527777778,"001:花(76), 019:キャラクター(29), 027:海(30)"
27-229-A,207-32-17-1,大阪府,四條畷市,第５弾,34.7398611111111,135.639611111111,"001:花(77), 002:木(73)"
28-207-A,208-33-4-1,兵庫県,伊丹市,第５弾,34.7836388888889,135.399555555556,003:鳥(31)
28-221-A,209-34-5-1,兵庫県,篠山市,第５弾,35.0759722222222,135.217055555556,"001:花(78), 002:木(74), 022:お城(13)"
33-212-A,210-16-4-1,岡山県,瀬戸内市,第５弾,34.6653055555556,134.092805555556,"001:花(79), 002:木(75), 007:果物(5)"
33-461-A,211-17-5-1,岡山県,矢掛町,第５弾,34.6235833333333,133.589138888889,013:祭(13)
34-202-A,212-18-5-1,広島県,呉市,第５弾,34.2491111111111,132.578027777778,"012:乗物(17), 024:歴史的建造物(19), 027:海(31)"
34-202-B,213-19-6-2,広島県,呉市,第５弾,34.2405833333333,132.562555555556,"012:乗物(18), 024:歴史的建造物(20)"
34-203-A,214-20-7-1,広島県,竹原市,第５弾,34.3439444444444,132.912166666667,"002:木(76), 008:野菜(3), 018:おとぎ話(5)"
39-000-A,215-17-6-1,高知県,流域下水道,第５弾,33.5642777777778,133.572722222222,003:鳥(32)
40-100-B,216-12-5-2,福岡県,北九州市,第５弾,33.8905277777778,130.887916666667,"001:花(80), 015:スポーツ(11), 019:キャラクター(30)"
40-343-A,217-13-6-1,福岡県,志免町,第５弾,33.5903333333333,130.48675,"001:花(81), 024:歴史的建造物(21), 028:山(22)"
41-424-A,218-14-3-1,佐賀県,江北町,第５弾,33.2220833333333,130.139694444444,019:キャラクター(31)
43-100-A,219-15-1-1,熊本県,熊本市,第５弾,32.803,130.709888888889,001:花(82)
43-206-A,220-16-2-1,熊本県,玉名市,第５弾,32.9335555555556,130.561527777778,019:キャラクター(32)
44-205-A,221-17-1-1,大分県,佐伯市,第５弾,32.9608333333333,131.893722222222,"001:花(83), 017:文学史(4), 024:歴史的建造物(22)"
47-328-A,222-18-2-1,沖縄県,中城村,第５弾,26.2500833333333,127.773638888889,"001:花(84), 010:観光名所(48), 022:お城(14), 031:世界遺産(6)"
26-000-B,223-35-5-2,京都府,流域下水道,第５弾,34.9098055555556,135.707138888889,025:幾何学模様(10)
26-100-A,224-36-6-2,京都府,京都市,第５弾,35.0102777777778,135.68125,025:幾何学模様(11)
26-208-A,225-37-7-1,京都府,向日市,第５弾,34.9441666666667,135.697916666667,001:花(85)
26-209-A,226-38-8-1,京都府,長岡京市,第５弾,34.9232222222222,135.701305555556,"002:木(77), 008:野菜(4)"
26-303-A,227-39-9-1,京都府,大山崎町,第５弾,34.9028888888889,135.688166666667,"001:花(86), 002:木(78), 003:鳥(33)"
01-203-A,228-14-14-1,北海道,小樽市,第６弾,43.1910277777778,141.007388888889,"010:観光名所(49), 023:橋梁(9)"
01-234-A,229-15-15-1,北海道,北広島市,第６弾,42.9788888888889,141.564055555556,"002:木(79), 019:キャラクター(33)"
01-235-A,230-16-16-1,北海道,石狩市,第６弾,43.4044166666667,141.431388888889,"004:魚(27), 010:観光名所(50), 027:海(32)"
01-402-A,231-17-17-1,北海道,岩内町,第６弾,42.9833611111111,140.516444444444,"010:観光名所(51), 019:キャラクター(34), 027:海(33)"
01-424-A,232-18-18-1,北海道,奈井江町,第６弾,43.4250555555556,141.88275,"004:魚(28), 029:川(30)"
03-211-A,233-20-2-1,岩手県,釜石市,第６弾,39.2733888888889,141.880333333333,019:キャラクター(35)
03-506-A,234-21-3-1,岩手県,九戸村,第６弾,40.2071111111111,141.422111111111,"001:花(87), 002:木(80), 003:鳥(34)"
04-206-A,235-22-4-1,宮城県,白石市,第６弾,38.0027777777778,140.616972222222,"001:花(88), 010:観光名所(52), 022:お城(15)"
06-000-A,236-23-6-1,山形県,流域下水道,第６弾,38.5911111111111,140.367916666667,"012:乗物(19), 028:山(23), 029:川(31)"
07-000-A,237-24-9-1,福島県,流域下水道,第６弾,37.5903888888889,140.454027777778,"001:花(89), 003:鳥(35), 028:山(24)"
07-209-A,238-25-10-1,福島県,相馬市,第６弾,37.7986666666667,140.91875,014:イベント(9)
07-212-A,239-26-11-1,福島県,南相馬市,第６弾,37.5628333333333,140.995916666667,018:おとぎ話(6)
08-211-A,240-55-6-1,茨城県,常総市,第６弾,36.1142777777778,139.978833333333,"001:花(90), 002:木(81), 003:鳥(36), 010:観光名所(53)"
08-224-A,241-56-7-1,茨城県,守谷市,第６弾,35.9510277777778,139.976861111111,"001:花(91), 002:木(82), 003:鳥(37)"
09-216-A,242-57-5-1,栃木県,下野市,第６弾,36.4373611111111,139.860666666667,"005:動物(15), 018:おとぎ話(7)"
11-203-A,243-58-20-1,埼玉県,川口市,第６弾,35.8018333333333,139.718888888889,"001:花(92), 025:幾何学模様(12)"
11-216-A,244-59-21-1,埼玉県,羽生市,第６弾,36.1716666666667,139.601333333333,"009:名物品(22), 019:キャラクター(36), 024:歴史的建造物(23), 029:川(32)"
11-245-A,245-60-22-1,埼玉県,ふじみ野市,第６弾,35.8789444444444,139.518944444444,"001:花(93), 019:キャラクター(37)"
12-100-A,246-61-6-1,千葉県,千葉市,第６弾,35.6115277777778,140.12425,"001:花(94), 002:木(83), 003:鳥(38)"
12-229-A,247-62-7-1,千葉県,袖ケ浦市,第６弾,35.4321944444444,139.957361111111,"001:花(95), 002:木(84), 003:鳥(39)"
13-214-A,248-63-10-1,東京都,国分寺市,第６弾,35.7018611111111,139.484138888889,026:その他(6)
13-219-A,249-64-11-1,東京都,狛江市,第６弾,35.6269722222222,139.572444444444,"002:木(85), 003:鳥(40), 029:川(33)"
13-224-A,250-65-12-1,東京都,多摩市,第６弾,35.6251111111111,139.428444444444,019:キャラクター(38)
13-224-B,251-66-13-2,東京都,多摩市,第６弾,35.61925,139.424305555556,019:キャラクター(39)
13-227-B,252-67-14-2,東京都,羽村市,第６弾,35.7674444444444,139.328638888889,"001:花(96), 005:動物(16), 010:観光名所(54)"
14-361-A,253-68-8-1,神奈川県,中井町,第６弾,35.3441388888889,139.222055555556,"001:花(97), 002:木(86), 003:鳥(41), 030:湖・沼(9)"
15-000-A,254-12-6-1,新潟県,流域下水道,第６弾,37.9341111111111,139.128027777778,019:キャラクター(40)
15-100-B,255-13-7-2,新潟県,新潟市,第６弾,37.7991666666667,139.121861111111,"001:花(98), 011:鉄道(3), 024:歴史的建造物(24)"
15-212-C,256-14-8-3,新潟県,村上市,第６弾,38.1244722222222,139.4445,"001:花(99), 004:魚(29), 028:山(25), 029:川(34)"
15-213-A,257-15-9-1,新潟県,燕市,第６弾,37.6628888888889,138.825194444444,"001:花(100), 023:橋梁(10), 029:川(35)"
16-205-A,258-16-3-1,富山県,氷見市,第６弾,36.8636388888889,136.986888888889,004:魚(30)
18-202-A,259-17-4-1,福井県,敦賀市,第６弾,35.6607777777778,136.072888888889,"002:木(87), 003:鳥(42), 010:観光名所(55), 024:歴史的建造物(25), 027:海(34)"
20-202-A,260-37-4-1,長野県,松本市,第６弾,36.2313055555556,137.976666666667,009:名物品(23)
20-208-A,261-38-5-1,長野県,小諸市,第６弾,36.3275833333333,138.423305555556,"001:花(101), 002:木(88), 024:歴史的建造物(26), 028:山(26)"
20-214-A,262-39-6-1,長野県,茅野市,第６弾,35.9953055555556,138.158833333333,"001:花(102), 002:木(89), 009:名物品(24), 012:乗物(20), 024:歴史的建造物(27), 028:山(27)"
22-212-A,263-40-6-1,静岡県,焼津市,第６弾,34.8571111111111,138.327111111111,"004:魚(31), 021:富士山(4), 027:海(35)"
23-342-A,264-41-17-1,愛知県,豊山町,第６弾,35.2504444444444,136.911944444444,"001:花(103), 002:木(90)"
24-205-A,265-42-5-1,三重県,桑名市,第６弾,35.067,136.684527777778,019:キャラクター(41)
24-207-A,266-43-6-1,三重県,鈴鹿市,第６弾,34.8339722222222,136.589194444444,"002:木(91), 009:名物品(25), 027:海(36), 028:山(28), 029:川(36)"
24-341-A,267-44-7-1,三重県,菰野町,第６弾,35.0089166666667,136.517638888889,"001:花(104), 003:鳥(43), 005:動物(17), 012:乗物(21)"
25-202-A,268-40-4-1,滋賀県,彦根市,第６弾,35.2771666666667,136.254416666667,"002:木(92), 025:幾何学模様(13)"
25-202-B,269-41-5-2,滋賀県,彦根市,第６弾,35.2728333333333,136.251222222222,"001:花(105), 019:キャラクター(42)"
26-204-A,270-42-10-1,京都府,宇治市,第６弾,34.8914722222222,135.810861111111,"002:木(93), 010:観光名所(56), 023:橋梁(11)"
27-204-A,271-43-18-1,大阪府,池田市,第６弾,34.8206388888889,135.426972222222,"001:花(106), 002:木(94), 003:鳥(44)"
27-209-A,272-44-19-1,大阪府,守口市,第６弾,34.7356944444444,135.567222222222,"001:花(107), 008:野菜(5), 009:名物品(26), 019:キャラクター(43)"
27-212-A,273-45-20-1,大阪府,八尾市,第６弾,34.6268611111111,135.600083333333,001:花(108)
27-213-A,274-46-21-1,大阪府,泉佐野市,第６弾,34.4085833333333,135.297694444444,"002:木(95), 019:キャラクター(44)"
27-216-A,275-47-22-1,大阪府,河内長野市,第６弾,34.4348611111111,135.550138888889,"001:花(109), 002:木(96)"
27-220-A,276-48-23-1,大阪府,箕面市,第６弾,34.8328611111111,135.469305555556,"002:木(97), 010:観光名所(57)"
28-204-A,277-49-6-1,兵庫県,西宮市,第６弾,34.7226388888889,135.362444444444,"001:花(110), 010:観光名所(58), 024:歴史的建造物(28)"
28-213-A,278-50-7-1,兵庫県,西脇市,第６弾,35.0017777777778,134.997805555556,001:花(111)
29-201-A,279-51-4-1,奈良県,奈良市,第６弾,34.6796666666667,135.829027777778,"001:花(112), 005:動物(18)"
30-203-A,280-52-3-1,和歌山県,橋本市,第６弾,34.3153055555556,135.605166666667,"004:魚(32), 025:幾何学模様(14), 029:川(37)"
31-201-A,281-21-5-1,鳥取県,鳥取市,第６弾,35.4960833333333,134.228694444444,013:祭(14)
33-202-C,282-22-6-3,岡山県,倉敷市,第６弾,34.5421666666667,133.672083333333,001:花(113)
33-205-A,283-23-7-1,岡山県,笠岡市,第６弾,34.5051666666667,133.504722222222,"005:動物(19), 010:観光名所(59), 027:海(37)"
34-204-B,284-24-8-2,広島県,三原市,第６弾,34.4003611111111,133.079722222222,"013:祭(15), 019:キャラクター(45)"
35-203-C,285-25-4-3,山口県,山口市,第６弾,34.1685833333333,131.4665,026:その他(7)
35-206-A,286-26-5-1,山口県,防府市,第６弾,34.0595555555556,131.573805555556,"001:花(114), 004:魚(33), 028:山(29), 029:川(38)"
38-207-A,287-18-5-1,愛媛県,大洲市,第６弾,33.5178055555556,132.545111111111,"001:花(115), 003:鳥(45), 004:魚(34), 010:観光名所(60), 014:イベント(10), 029:川(39)"
40-203-A,288-19-7-1,福岡県,久留米市,第６弾,33.3140555555556,130.512611111111,"001:花(116), 028:山(30), 029:川(40)"
40-383-A,289-20-8-1,福岡県,岡垣町,第６弾,33.8403333333333,130.623361111111,"002:木(98), 010:観光名所(61), 027:海(38)"
42-210-A,290-21-4-1,長崎県,壱岐市,第６弾,33.7468888888889,129.691111111111,018:おとぎ話(8)
46-216-A,291-22-1-1,鹿児島県,日置市,第６弾,31.6296111111111,130.396083333333,026:その他(8)
46-534-A,292-23-2-1,鹿児島県,知名町,第６弾,27.3334444444444,128.573388888889,026:その他(9)
47-209-A,293-24-3-1,沖縄県,名護市,第６弾,26.5893888888889,127.984166666667,"001:花(117), 002:木(99), 003:鳥(46)"
01-206-A,294-19-19-1,北海道,釧路市,第７弾,42.9895277777778,144.382611111111,003:鳥(47)
01-648-A,295-20-20-1,北海道,陸別町,第７弾,43.4688333333333,143.74725,001:花(118)
04-209-A,296-27-5-1,宮城県,多賀城市,第７弾,38.2982222222222,140.993305555556,"001:花(119), 010:観光名所(62), 024:歴史的建造物(29)"
04-321-A,297-28-6-1,宮城県,大河原町,第７弾,38.0480277777778,140.739861111111,"001:花(120), 002:木(100), 003:鳥(48)"
07-211-A,298-29-12-1,福島県,田村市,第７弾,37.3555277777778,140.662944444444,010:観光名所(63)
07-421-A,299-30-13-1,福島県,会津坂下町,第７弾,37.5671666666667,139.818944444444,013:祭(16)
07-422-A,300-31-14-1,福島県,湯川村,第７弾,37.5658055555555,139.886861111111,"001:花(121), 002:木(101), 003:鳥(49)"
07-461-A,301-32-15-1,福島県,西郷村,第７弾,37.14,140.154555555556,"002:木(102), 003:鳥(50), 028:山(31)"
08-203-A,302-69-8-1,茨城県,土浦市,第７弾,36.0825555555556,140.200027777778,"010:観光名所(64), 012:乗物(22), 028:山(32), 030:湖・沼(10)"
09-000-A,303-70-6-1,栃木県,流域下水道,第７弾,36.41475,139.864,"002:木(103), 019:キャラクター(46)"
10-203-A,304-71-6-1,群馬県,桐生市,第７弾,36.4127777777778,139.336666666667,"001:花(122), 009:名物品(27)"
10-209-A,305-72-7-1,群馬県,藤岡市,第７弾,36.2819166666667,139.081055555556,026:その他(10)
11-215-A,306-73-23-1,埼玉県,狭山市,第７弾,35.8566111111111,139.412888888889,"001:花(123), 002:木(104), 003:鳥(51)"
11-246-A,307-74-24-1,埼玉県,白岡市,第７弾,36.0185555555556,139.677722222222,"001:花(124), 002:木(105)"
11-408-A,308-75-25-1,埼玉県,寄居町,第７弾,36.1115,139.194472222222,"001:花(125), 002:木(106), 003:鳥(52)"
12-202-A,309-76-8-1,千葉県,銚子市,第７弾,35.7345,140.827083333333,"003:鳥(53), 004:魚(35), 010:観光名所(65), 027:海(39)"
12-221-A,310-77-9-1,千葉県,八千代市,第７弾,35.7252777777778,140.101694444444,"001:花(126), 023:橋梁(12), 029:川(41)"
13-207-A,311-78-15-1,東京都,昭島市,第７弾,35.7052222222222,139.354166666667,"005:動物(20), 027:海(40)"
14-203-A,312-79-9-1,神奈川県,平塚市,第７弾,35.3299444444445,139.349111111111,"012:乗物(23), 013:祭(17), 027:海(41)"
14-206-A,313-80-10-1,神奈川県,小田原市,第７弾,35.24775,139.160027777778,"021:富士山(5), 022:お城(16), 028:山(33), 029:川(42)"
14-362-A,314-81-11-1,神奈川県,大井町,第７弾,35.3268055555556,139.155638888889,"001:花(127), 002:木(107), 003:鳥(54)"
14-401-A,315-82-12-1,神奈川県,愛川町,第７弾,35.5147222222222,139.338416666667,"001:花(128), 002:木(108), 004:魚(36), 029:川(43)"
15-202-A,316-18-10-1,新潟県,長岡市,第７弾,37.44725,138.851111111111,"001:花(129), 010:観光名所(66), 014:イベント(11)"
15-210-A,317-19-11-1,新潟県,十日町市,第７弾,37.1459722222222,138.752555555556,"001:花(130), 022:お城(17)"
20-218-A,318-45-7-1,長野県,千曲市,第７弾,36.47425,138.143861111111,"001:花(131), 010:観光名所(67), 028:山(34), 029:川(44)"
22-211-A,319-46-7-1,静岡県,磐田市,第７弾,34.7108888888889,137.852166666667,"015:スポーツ(12), 019:キャラクター(47)"
24-203-A,320-47-8-1,三重県,伊勢市,第７弾,34.4881111111111,136.706972222222,026:その他(11)
27-202-A,321-53-24-1,大阪府,岸和田市,第７弾,34.4663055555556,135.370361111111,"001:花(132), 010:観光名所(68), 022:お城(18)"
27-205-A,322-54-25-1,大阪府,吹田市,第７弾,34.8065555555556,135.538666666667,"015:スポーツ(13), 019:キャラクター(48)"
27-221-A,323-55-26-1,大阪府,柏原市,第７弾,34.578,135.629166666667,"007:果物(6), 009:名物品(28)"
27-223-A,324-56-27-1,大阪府,門真市,第７弾,34.7375,135.585833333333,"001:花(133), 010:観光名所(69), 012:乗物(24), 014:イベント(12), 029:川(45)"
27-381-A,325-57-28-1,大阪府,太子町,第７弾,34.5190833333333,135.647805555556,"001:花(134), 024:歴史的建造物(30), 028:山(35)"
28-000-A,326-58-8-1,兵庫県,流域下水道,第７弾,34.77375,135.444777777778,001:花(135)
28-203-A,327-59-9-1,兵庫県,明石市,第７弾,34.6496111111111,135,010:観光名所(70)
28-220-A,328-60-10-1,兵庫県,加西市,第７弾,34.9269166666667,134.839833333333,001:花(136)
29-363-A,329-61-5-1,奈良県,田原本町,第７弾,34.5532222222222,135.790138888889,"001:花(137), 010:観光名所(71)"
31-371-A,330-27-6-1,鳥取県,琴浦町,第７弾,35.5020833333333,133.658444444444,"001:花(138), 004:魚(37), 010:観光名所(72), 027:海(42), 028:山(36)"
34-213-A,331-28-9-1,広島県,廿日市市,第７弾,34.3538888888889,132.336222222222,"009:名物品(29), 015:スポーツ(14)"
34-309-A,332-29-10-1,広島県,坂町,第７弾,34.341,132.51325,"001:花(139), 002:木(109), 003:鳥(55)"
35-321-A,333-30-6-1,山口県,和木町,第７弾,34.1931666666667,132.221305555556,"001:花(140), 019:キャラクター(49)"
36-401-A,334-19-2-1,徳島県,松茂町,第７弾,34.1337222222222,134.580527777778,001:花(141)
37-206-A,335-20-7-1,香川県,さぬき市,第７弾,34.2833055555556,134.2685,"002:木(110), 010:観光名所(73), 027:海(43), 028:山(37)"
40-202-A,336-25-9-1,福岡県,大牟田市,第７弾,33.0315555555556,130.424972222222,"010:観光名所(74), 019:キャラクター(50), 024:歴史的建造物(31), 031:世界遺産(7)"
40-216-A,337-26-10-1,福岡県,小郡市,第７弾,33.3954722222222,130.553055555556,001:花(142)
41-207-A,338-27-4-1,佐賀県,鹿島市,第７弾,33.1040277777778,130.098083333333,"001:花(143), 024:歴史的建造物(32)"
43-202-A,339-28-3-1,熊本県,八代市,第７弾,32.5043888888889,130.599333333333,"002:木(111), 007:果物(7)"
43-531-A,340-29-4-1,熊本県,苓北町,第７弾,32.5230833333333,130.034888888889,001:花(144)
46-222-A,341-30-3-1,鹿児島県,奄美市,第７弾,28.3773888888889,129.495583333333,"004:魚(38), 005:動物(21), 027:海(44)"
47-326-A,342-31-4-1,沖縄県,北谷町,第７弾,26.3154722222222,127.753527777778,"001:花(145), 010:観光名所(75), 015:スポーツ(15), 019:キャラクター(51), 027:海(45)"
40-000-A,343-32-11-1,福岡県,流域下水道,第８弾,33.4984166666667,130.516027777778,001:花(146)
40-100-C,344-33-12-3,福岡県,北九州市,第８弾,33.8883333333333,130.88425,"011:鉄道(4), 019:キャラクター(52)"
44-201-A,345-34-2-1,大分県,大分市,第８弾,33.23375,131.606277777778,"004:魚(39), 005:動物(22), 029:川(46)"
46-201-A,346-35-4-1,鹿児島県,鹿児島市,第８弾,31.5953055555556,130.553833333333,"009:名物品(30), 025:幾何学模様(15)"
46-218-A,347-36-5-1,鹿児島県,霧島市,第８弾,31.7405555555556,130.7625,"001:花(147), 002:木(112)"
47-201-A,348-37-5-1,沖縄県,那覇市,第８弾,26.2138333333333,127.688305555556,004:魚(40)
01-205-A,349-21-21-1,北海道,室蘭市,第８弾,42.3464166666667,141.035,023:橋梁(13)
01-226-A,350-22-22-1,北海道,砂川市,第８弾,43.4793333333333,141.8985,010:観光名所(76)
01-230-A,351-23-23-1,北海道,登別市,第８弾,42.4103888888889,141.107472222222,"005:動物(23), 010:観光名所(77), 028:山(38), 030:湖・沼(11)"
01-236-A,352-24-24-1,北海道,北斗市,第８弾,41.9033611111111,140.648305555556,"011:鉄道(5), 024:歴史的建造物(33)"
01-516-A,353-25-25-1,北海道,豊富町,第８弾,45.1091111111111,141.765222222222,"001:花(148), 027:海(46), 028:山(39)"
03-205-B,354-33-4-2,岩手県,花巻市,第８弾,39.4841111111111,141.147138888889,"001:花(149), 007:果物(8), 009:名物品(31)"
03-207-A,355-34-5-1,岩手県,久慈市,第８弾,40.1895555555556,141.770722222222,004:魚(41)
04-100-A,356-35-7-1,宮城県,仙台市,第８弾,38.2645277777778,140.863138888889,017:文学史(5)
04-207-A,357-36-8-1,宮城県,名取市,第８弾,38.1734166666667,140.883888888889,"001:花(150), 002:木(113), 027:海(47)"
04-209-B,358-37-9-2,宮城県,多賀城市,第８弾,38.2922222222222,141.004361111111,"001:花(151), 010:観光名所(78), 024:歴史的建造物(34)"
05-201-B,359-38-2-2,秋田県,秋田市,第８弾,39.75725,140.070416666667,"013:祭(18), 027:海(48)"
06-211-A,360-39-7-1,山形県,東根市,第８弾,38.4426388888889,140.401861111111,"007:果物(9), 009:名物品(32)"
06-363-A,361-40-8-1,山形県,舟形町,第８弾,38.7095277777778,140.365805555556,"001:花(152), 004:魚(42)"
07-214-A,362-41-16-1,福島県,本宮市,第８弾,37.5136111111111,140.402111111111,002:木(114)
07-408-A,363-42-17-1,福島県,猪苗代町,第８弾,37.55475,140.110333333333,"003:鳥(56), 009:名物品(33), 028:山(40), 030:湖・沼(12)"
08-217-A,364-83-9-1,茨城県,取手市,第８弾,35.8958888888889,140.062805555556,001:花(153)
08-233-A,365-84-10-1,茨城県,行方市,第８弾,36.0969444444444,140.404138888889,"001:花(154), 008:野菜(6), 019:キャラクター(53)"
09-206-A,366-85-7-1,栃木県,日光市,第８弾,36.7245,139.687333333333,"011:鉄道(6), 028:山(41), 029:川(47)"
10-206-A,367-86-8-1,群馬県,沼田市,第８弾,36.6474166666667,139.039444444444,"001:花(155), 025:幾何学模様(16)"
10-426-A,368-87-9-1,群馬県,草津町,第８弾,36.6230277777778,138.5965,"010:観光名所(79), 019:キャラクター(54), 020:広告宣伝(3)"
10-525-A,369-88-10-1,群馬県,邑楽町,第８弾,36.2518055555556,139.461944444444,"002:木(115), 003:鳥(57), 010:観光名所(80)"
11-208-B,370-89-26-2,埼玉県,所沢市,第８弾,35.7975555555556,139.460111111111,"002:木(116), 012:乗物(25), 019:キャラクター(55)"
11-221-A,371-90-27-1,埼玉県,草加市,第８弾,35.8439722222222,139.805027777778,"009:名物品(34), 019:キャラクター(56)"
11-239-A,372-91-28-1,埼玉県,坂戸市,第８弾,35.9577777777778,139.404083333333,019:キャラクター(57)
11-242-A,373-92-29-1,埼玉県,日高市,第８弾,35.9023333333333,139.371111111111,003:鳥(58)
12-232-A,374-93-10-1,千葉県,白井市,第８弾,35.7834722222222,140.031861111111,"001:花(156), 007:果物(10)"
13-202-A,375-94-16-1,東京都,立川市,第８弾,35.6936666666667,139.419805555556,019:キャラクター(58)
13-224-C,376-95-17-3,東京都,多摩市,第８弾,35.6499444444444,139.447527777778,"002:木(117), 019:キャラクター(59)"
14-211-A,377-96-13-1,神奈川県,秦野市,第８弾,35.3646388888889,139.242861111111,001:花(157)
15-206-A,378-20-12-1,新潟県,新発田市,第８弾,37.9468611111111,139.331444444444,"001:花(158), 002:木(118)"
15-210-B,379-21-13-2,新潟県,十日町市,第８弾,37.1459722222222,138.752655555556,"001:花(159), 010:観光名所(81), 029:川(48)"
15-212-D,380-22-14-4,新潟県,村上市,第８弾,38.2828611111111,139.522833333333,001:花(160)
15-223-A,381-23-15-1,新潟県,阿賀野市,第８弾,37.8026944444444,139.289527777778,"001:花(161), 003:鳥(59), 005:動物(24), 010:観光名所(82), 028:山(42), 030:湖・沼(13)"
17-384-A,382-24-2-1,石川県,志賀町,第８弾,37.005,136.775861111111,"003:鳥(60), 013:祭(19), 027:海(49)"
18-201-B,383-25-5-2,福井県,福井市,第８弾,36.0137777777778,136.298333333333,"001:花(162), 010:観光名所(83), 019:キャラクター(60), 024:歴史的建造物(35)"
18-209-A,384-26-6-1,福井県,越前市,第８弾,35.9064444444444,136.252361111111,009:名物品(35)
19-201-A,385-48-4-1,山梨県,甲府市,第８弾,35.6663611111111,138.568027777778,"001:花(163), 016:偉人(5)"
20-218-B,386-49-8-2,長野県,千曲市,第８弾,36.5311944444444,138.117944444444,"001:花(164), 002:木(119), 004:魚(43), 029:川(49)"
21-202-A,387-50-6-1,岐阜県,大垣市,第８弾,35.3556944444444,136.612166666667,"001:花(165), 010:観光名所(84)"
21-205-A,388-51-7-1,岐阜県,関市,第８弾,35.4908888888889,136.912111111111,"001:花(166), 003:鳥(61), 004:魚(44), 009:名物品(36)"
21-211-A,389-52-8-1,岐阜県,美濃加茂市,第８弾,35.4723055555556,136.967944444444,001:花(167)
22-205-A,390-53-8-1,静岡県,熱海市,第８弾,35.0990833333333,139.076722222222,"002:木(120), 010:観光名所(85), 014:イベント(13), 017:文学史(6), 027:海(50)"
22-214-A,391-54-9-1,静岡県,藤枝市,第８弾,34.8746111111111,138.258694444444,"001:花(168), 002:木(121), 003:鳥(62), 021:富士山(6)"
22-342-A,392-55-10-1,静岡県,長泉町,第８弾,35.1389444444444,138.900416666667,"001:花(169), 002:木(122), 021:富士山(7)"
22-344-A,393-56-11-1,静岡県,小山町,第８弾,35.3575,138.880277777778,"001:花(170), 016:偉人(6), 018:おとぎ話(9), 021:富士山(8), 031:世界遺産(8)"
23-234-A,394-57-18-1,愛知県,北名古屋市,第８弾,35.25025,136.886055555556,"004:魚(45), 006:昆虫(5), 029:川(50)"
23-441-A,395-58-19-1,愛知県,阿久比町,第８弾,34.9177777777778,136.922638888889,"001:花(171), 006:昆虫(6)"
24-324-A,396-59-9-1,三重県,東員町,第８弾,35.0776666666667,136.587944444444,"001:花(172), 002:木(123), 003:鳥(63)"
26-202-A,397-62-11-1,京都府,舞鶴市,第８弾,35.4736388888889,135.393666666667,"001:花(173), 003:鳥(64), 010:観光名所(86), 012:乗物(26), 027:海(51), 028:山(43)"
27-207-B,398-63-29-2,大阪府,高槻市,第８弾,34.8543611111111,135.629027777778,026:その他(12)
27-215-A,399-64-30-1,大阪府,寝屋川市,第８弾,34.76575,135.627916666667,"001:花(174), 002:木(124), 018:おとぎ話(10)"
27-321-A,400-65-31-1,大阪府,豊能町,第８弾,34.9019722222222,135.44225,001:花(175)
27-361-A,401-66-32-1,大阪府,熊取町,第８弾,34.4011388888889,135.355388888889,"001:花(176), 019:キャラクター(61)"
27-382-A,402-67-33-1,大阪府,河南町,第８弾,34.4908333333333,135.630361111111,"001:花(177), 002:木(125)"
28-206-A,403-68-11-1,兵庫県,芦屋市,第８弾,34.7351388888889,135.307333333333,"001:花(178), 002:木(126), 012:乗物(27), 020:広告宣伝(4), 024:歴史的建造物(36), 027:海(52), 028:山(44)"
29-205-A,404-69-6-1,奈良県,橿原市,第８弾,34.5063333333333,135.786111111111,"010:観光名所(87), 024:歴史的建造物(37)"
29-209-A,405-70-7-1,奈良県,生駒市,第８弾,34.6929444444444,135.697194444444,"009:名物品(37), 010:観光名所(88), 011:鉄道(7), 019:キャラクター(62), 028:山(45)"
32-202-A,406-31-2-1,島根県,浜田市,第８弾,34.9313888888889,132.104777777778,"005:動物(25), 010:観光名所(89), 023:橋梁(14), 027:海(53)"
33-212-B,407-32-8-2,岡山県,瀬戸内市,第８弾,34.7214444444444,134.10725,"001:花(179), 009:名物品(38), 025:幾何学模様(17)"
33-586-A,408-33-9-1,岡山県,新庄村,第８弾,35.1793055555556,133.567722222222,"001:花(180), 002:木(127), 004:魚(46), 010:観光名所(90)"
35-201-A,409-34-7-1,山口県,下関市,第８弾,33.9961388888889,130.984416666667,004:魚(47)
37-207-A,410-21-8-1,香川県,東かがわ市,第８弾,34.2578888888889,134.337944444444,026:その他(13)
38-215-A,411-22-6-1,愛媛県,東温市,第８弾,33.7950833333333,132.918333333333,"001:花(181), 002:木(128)"
39-206-B,412-23-7-2,高知県,須崎市,第８弾,33.3899444444444,133.289527777778,"001:花(182), 019:キャラクター(63)"
39-363-A,413-24-8-1,高知県,土佐町,第８弾,33.7426388888889,133.544166666667,"001:花(183), 010:観光名所(91), 029:川(51), 030:湖・沼(14)"
40-219-A,414-38-13-1,福岡県,大野城市,第８弾,33.53825,130.475194444444,"012:乗物(28), 019:キャラクター(64), 022:お城(19), 028:山(46)"
42-000-A,415-39-5-1,長崎県,流域下水道,第８弾,32.8441944444444,130.012722222222,"001:花(184), 027:海(54)"
42-202-A,416-40-6-1,長崎県,佐世保市,第８弾,33.1723333333333,129.720277777778,"003:鳥(65), 010:観光名所(92), 027:海(55)"
43-369-A,417-41-5-1,熊本県,和水町,第８弾,32.9726666666667,130.603027777778,"024:歴史的建造物(38), 025:幾何学模様(18)"
46-210-A,418-42-6-1,鹿児島県,指宿市,第８弾,31.2248888888889,130.648805555556,"001:花(185), 002:木(129), 028:山(47), 030:湖・沼(15)"
40-100-D,419-43-14-4,福岡県,北九州市,第９弾,33.903,130.808194444444,"013:祭(20), 023:橋梁(15), 027:海(56), 028:山(48)"
01-100-B,420-26-26-2,北海道,札幌市,第９弾,43.1170833333333,141.34275,026:その他(14)
01-487-A,421-27-27-1,北海道,天塩町,第９弾,44.8945277777778,141.741222222222,"001:花(186), 002:木(130), 003:鳥(66)"
02-202-A,422-43-2-1,青森県,弘前市,第９弾,40.6094166666667,140.467833333333,"001:花(187), 009:名物品(39), 019:キャラクター(65)"
02-206-A,423-44-3-1,青森県,十和田市,第９弾,40.6148888888889,141.213333333333,005:動物(26)
03-205-C,424-45-6-3,岩手県,花巻市,第９弾,39.4676111111111,141.285194444444,"001:花(188), 007:果物(11)"
04-214-B,425-46-10-2,宮城県,東松島市,第９弾,38.4200833333333,141.209805555556,012:乗物(29)
04-404-A,426-47-11-1,宮城県,七ヶ浜町,第９弾,38.2984166666667,141.068555555556,"002:木(131), 027:海(57)"
04-581-A,427-48-12-1,宮城県,女川町,第９弾,38.4464722222222,141.444777777778,"001:花(189), 002:木(132), 003:鳥(67), 027:海(58)"
06-321-A,428-49-9-1,山形県,河北町,第９弾,38.4380555555556,140.2995,024:歴史的建造物(39)
08-207-A,429-97-11-1,茨城県,結城市,第９弾,36.2988888888889,139.872666666667,"001:花(190), 019:キャラクター(66)"
09-203-A,430-98-8-1,栃木県,栃木市,第９弾,36.3787222222222,139.730861111111,"004:魚(48), 010:観光名所(93), 024:歴史的建造物(40), 029:川(52)"
09-204-A,431-99-9-1,栃木県,佐野市,第９弾,36.3163888888889,139.579111111111,"001:花(191), 004:魚(49), 019:キャラクター(67)"
09-206-B,432-100-10-2,栃木県,日光市,第９弾,36.7395555555556,139.493,"010:観光名所(94), 030:湖・沼(16)"
10-208-A,433-101-11-1,群馬県,渋川市,第９弾,36.4973055555556,139.005694444444,001:花(192)
10-212-A,434-102-12-1,群馬県,みどり市,第９弾,36.4260277777778,139.276138888889,"001:花(193), 003:鳥(68)"
11-221-B,435-103-30-2,埼玉県,草加市,第９弾,35.8398611111111,139.807805555556,"002:木(133), 023:橋梁(16), 029:川(53)"
11-233-A,436-104-31-1,埼玉県,北本市,第９弾,36.0327222222222,139.5335,001:花(194)
11-237-A,437-105-32-1,埼玉県,三郷市,第９弾,35.8586666666667,139.868611111111,019:キャラクター(68)
12-208-A,438-106-11-1,千葉県,野田市,第９弾,35.9567222222222,139.872277777778,"001:花(195), 002:木(134), 003:鳥(69)"
12-220-A,439-107-12-1,千葉県,流山市,第９弾,35.8716944444444,139.925416666667,"001:花(196), 003:鳥(70), 011:鉄道(8)"
13-100-E,440-108-18-5,東京都,東京23区,第９弾,35.6069722222222,139.734416666667,019:キャラクター(69)
14-150-B,441-109-14-2,神奈川県,相模原市,第９弾,35.6126388888889,139.216166666667,"001:花(197), 002:木(135), 003:鳥(71), 010:観光名所(95), 023:橋梁(17), 024:歴史的建造物(41), 028:山(49), 029:川(54), 030:湖・沼(17)"
15-205-A,442-27-16-1,新潟県,柏崎市,第９弾,37.3693333333333,138.553055555556,"009:名物品(40), 010:観光名所(96), 013:祭(21), 019:キャラクター(70), 027:海(59), 028:山(50)"
16-201-B,443-28-4-2,富山県,富山市,第９弾,36.7438611111111,137.298444444444,"002:木(136), 013:祭(22), 023:橋梁(18), 029:川(55)"
16-202-A,444-29-5-1,富山県,高岡市,第９弾,36.8141944444444,137.042388888889,"002:木(137), 010:観光名所(97), 017:文学史(7), 027:海(60), 028:山(51)"
16-321-A,445-30-6-1,富山県,舟橋村,第９弾,36.7098611111111,137.301416666667,001:花(198)
19-210-B,446-60-5-2,山梨県,甲斐市,第９弾,35.6880555555556,138.487722222222,"001:花(199), 002:木(138), 019:キャラクター(71)"
20-212-A,447-61-9-1,長野県,大町市,第９弾,36.5058611111111,137.859083333333,"003:鳥(72), 028:山(52), 030:湖・沼(18)"
20-451-A,448-62-10-1,長野県,朝日村,第９弾,36.1291666666667,137.8835,"001:花(200), 006:昆虫(7)"
21-203-A,449-63-9-1,岐阜県,高山市,第９弾,36.1398055555556,137.258666666667,001:花(201)
21-217-A,450-64-10-1,岐阜県,飛騨市,第９弾,36.2335,137.185527777778,"001:花(202), 004:魚(50)"
22-100-B,451-65-12-2,静岡県,静岡市,第９弾,35.0236388888889,138.488638888889,"019:キャラクター(72), 021:富士山(9), 027:海(61)"
22-205-B,452-66-13-2,静岡県,熱海市,第９弾,35.0985555555556,139.066,"001:花(203), 002:木(139), 010:観光名所(98)"
22-215-A,453-67-14-1,静岡県,御殿場市,第９弾,35.30075,138.934472222222,"001:花(204), 011:鉄道(9), 021:富士山(10)"
23-000-A,454-68-20-1,愛知県,流域下水道,第９弾,35.2312777777778,136.755,"001:花(205), 003:鳥(73)"
23-205-A,455-69-21-1,愛知県,半田市,第９弾,34.8936944444444,136.934861111111,"001:花(206), 002:木(140)"
23-209-A,456-70-22-1,愛知県,碧南市,第９弾,34.8736388888889,136.981583333333,"001:花(207), 003:鳥(74)"
23-215-A,457-71-23-1,愛知県,犬山市,第９弾,35.3805555555556,136.943666666667,"010:観光名所(99), 022:お城(20), 029:川(56)"
23-442-A,458-72-24-1,愛知県,東浦町,第９弾,34.9813611111111,136.971944444444,"001:花(208), 004:魚(51)"
24-202-B,459-73-10-2,三重県,四日市市,第９弾,34.9663611111111,136.618638888889,"005:動物(27), 010:観光名所(100), 012:乗物(30), 023:橋梁(19), 027:海(62)"
25-206-B,460-71-6-2,滋賀県,草津市,第９弾,35.0180277777778,135.960972222222,024:歴史的建造物(42)
25-208-A,461-72-7-1,滋賀県,栗東市,第９弾,35.0375555555556,135.9805,"001:花(209), 002:木(141), 003:鳥(75)"
25-441-A,462-73-8-1,滋賀県,豊郷町,第９弾,35.2039722222222,136.232861111111,"001:花(210), 013:祭(23)"
27-208-A,463-74-34-1,大阪府,貝塚市,第９弾,34.4458611111111,135.357638888889,001:花(211)
27-230-A,464-75-35-1,大阪府,交野市,第９弾,34.7764166666667,135.684027777778,"001:花(212), 003:鳥(76), 029:川(57)"
28-216-A,465-76-12-1,兵庫県,高砂市,第９弾,34.7453333333333,134.803055555556,"002:木(142), 010:観光名所(101), 027:海(63)"
28-229-A,466-77-13-1,兵庫県,たつの市,第９弾,34.8618888888889,134.555444444444,019:キャラクター(73)
28-442-A,467-78-14-1,兵庫県,市川町,第９弾,35.0230555555556,134.755055555556,001:花(213)
28-481-A,468-79-15-1,兵庫県,上郡町,第９弾,34.8582777777778,134.375472222222,019:キャラクター(74)
33-663-A,469-35-10-1,岡山県,久米南町,第９弾,34.9122222222222,133.947138888889,"001:花(214), 015:スポーツ(16), 019:キャラクター(75)"
34-212-B,470-36-11-2,広島県,東広島市,第９弾,34.5648611111111,132.820972222222,"001:花(215), 002:木(143), 005:動物(28)"
36-000-A,471-25-3-1,徳島県,流域下水道,第９弾,34.1284166666667,134.612555555556,"004:魚(52), 029:川(58)"
37-202-B,472-26-9-2,香川県,丸亀市,第９弾,34.2644444444444,133.861111111111,"001:花(216), 007:果物(12), 009:名物品(41), 018:おとぎ話(11), 028:山(53)"
37-387-A,473-27-10-1,香川県,綾川町,第９弾,34.2494444444444,133.930527777778,"001:花(217), 029:川(59)"
37-404-A,474-28-11-1,香川県,多度津町,第９弾,34.2725,133.753638888889,"001:花(218), 002:木(144)"
40-220-B,475-44-15-2,福岡県,宗像市,第９弾,33.8070277777778,130.59225,001:花(219)
40-231-A,476-45-16-1,福岡県,那珂川市,第９弾,33.5176388888889,130.435555555556,"001:花(220), 002:木(145), 003:鳥(77), 007:果物(13), 009:名物品(42), 028:山(54), 029:川(60)"
40-381-A,477-46-17-1,福岡県,芦屋町,第９弾,33.8808333333333,130.668861111111,"014:イベント(14), 027:海(64)"
41-425-A,478-47-5-1,佐賀県,白石町,第９弾,33.1818888888889,130.143333333333,"001:花(221), 002:木(146), 007:果物(14), 008:野菜(7), 009:名物品(43), 019:キャラクター(76)"
01-208-B,479-28-28-2,北海道,北見市,第１０弾,44.1213888888889,144.055916666667,015:スポーツ(17)
01-218-A,480-29-29-1,北海道,赤平市,第１０弾,43.5491388888889,142.056027777778,"013:祭(24), 024:歴史的建造物(43), 028:山(55), 029:川(61)"
01-221-A,481-30-30-1,北海道,名寄市,第１０弾,44.29225,142.419388888889,"001:花(222), 019:キャラクター(77)"
01-303-A,482-31-31-1,北海道,当別町,第１０弾,43.20825,141.504527777778,016:偉人(7)
01-406-A,483-32-32-1,北海道,古平町,第１０弾,43.2653888888889,140.638861111111,"010:観光名所(102), 018:おとぎ話(12), 027:海(65)"
01-607-A,484-33-33-1,北海道,浦河町,第１０弾,42.1762222222222,142.762166666667,"005:動物(29), 015:スポーツ(18), 028:山(56)"
01-647-A,485-34-34-1,北海道,足寄町,第１０弾,43.2444444444444,143.55375,"008:野菜(8), 009:名物品(44), 019:キャラクター(78)"
03-000-A,486-50-7-1,岩手県,流域下水道,第１０弾,39.7030833333333,141.152805555556,"009:名物品(45), 019:キャラクター(79)"
03-211-B,487-51-8-2,岩手県,釜石市,第１０弾,39.2741388888889,141.889138888889,013:祭(25)
04-000-A,488-52-13-1,宮城県,流域下水道,第１０弾,38.4641666666667,141.286638888889,"002:木(147), 019:キャラクター(80)"
04-202-A,489-53-14-1,宮城県,石巻市,第１０弾,38.4346666666667,141.303361111111,"004:魚(53), 013:祭(26), 029:川(62)"
06-203-B,490-54-10-2,山形県,鶴岡市,第１０弾,38.7278333333333,139.825888888889,"001:花(223), 003:鳥(78), 024:歴史的建造物(44)"
07-207-A,491-55-18-1,福島県,須賀川市,第１０弾,37.3002222222222,140.373111111111,001:花(224)
08-202-A,492-110-12-1,茨城県,日立市,第１０弾,36.5913333333333,140.661166666667,"001:花(225), 003:鳥(79), 013:祭(27)"
08-208-A,493-111-13-1,茨城県,龍ケ崎市,第１０弾,35.9303333333333,140.201666666667,"001:花(226), 002:木(148), 003:鳥(80), 028:山(57), 030:湖・沼(19)"
08-226-A,494-112-14-1,茨城県,那珂市,第１０弾,36.4550833333333,140.492694444444,001:花(227)
08-234-A,495-113-15-1,茨城県,鉾田市,第１０弾,36.15875,140.515861111111,"001:花(228), 002:木(149), 003:鳥(81)"
09-201-B,496-114-11-2,栃木県,宇都宮市,第１０弾,36.5616388888889,139.888638888889,009:名物品(46)
09-205-A,497-115-12-1,栃木県,鹿沼市,第１０弾,36.5634722222222,139.746722222222,"013:祭(28), 025:幾何学模様(19)"
10-208-B,498-116-13-2,群馬県,渋川市,第１０弾,36.4993888888889,138.923361111111,"010:観光名所(103), 024:歴史的建造物(45)"
11-202-B,499-117-33-2,埼玉県,熊谷市,第１０弾,36.1456111111111,139.391888888889,"012:乗物(31), 015:スポーツ(19), 019:キャラクター(81)"
11-211-A,500-118-34-1,埼玉県,本庄市,第１０弾,36.2198333333333,139.179444444444,"001:花(229), 004:魚(54), 019:キャラクター(82), 023:橋梁(20), 028:山(58)"
11-301-A,501-119-35-1,埼玉県,伊奈町,第１０弾,35.9991111111111,139.623694444444,016:偉人(8)
12-206-A,502-120-13-1,千葉県,木更津市,第１０弾,35.3816944444444,139.92525,"005:動物(30), 018:おとぎ話(13)"
12-207-A,503-121-14-1,千葉県,松戸市,第１０弾,35.7850555555556,139.897694444444,"010:観光名所(104), 012:乗物(32), 029:川(63)"
13-208-A,504-122-19-1,東京都,調布市,第１０弾,35.6526388888889,139.543611111111,019:キャラクター(83)
13-209-A,505-123-20-1,東京都,町田市,第１０弾,35.5471944444444,139.438972222222,"001:花(230), 003:鳥(82)"
13-212-A,506-124-21-1,東京都,日野市,第１０弾,35.6791388888889,139.393944444444,016:偉人(9)
14-100-D,507-125-15-4,神奈川県,横浜市,第１０弾,35.45175,139.633666666667,"010:観光名所(105), 019:キャラクター(84), 027:海(66)"
14-205-A,508-126-16-1,神奈川県,藤沢市,第１０弾,35.3380555555556,139.447,001:花(231)
14-213-A,509-127-17-1,神奈川県,大和市,第１０弾,35.4695555555556,139.46475,"003:鳥(83), 010:観光名所(106)"
14-216-A,510-128-18-1,神奈川県,座間市,第１０弾,35.4884166666667,139.407944444444,001:花(232)
15-213-B,511-31-17-2,新潟県,燕市,第１０弾,37.6668333333333,138.928777777778,"001:花(233), 002:木(150), 003:鳥(84)"
15-216-A,512-32-18-1,新潟県,糸魚川市,第１０弾,37.0457222222222,137.859361111111,"010:観光名所(107), 019:キャラクター(85)"
15-227-A,513-33-19-1,新潟県,胎内市,第１０弾,38.0535,139.403166666667,001:花(234)
16-209-A,514-34-7-1,富山県,小矢部市,第１０弾,36.6719444444444,136.866388888889,"001:花(235), 002:木(151), 005:動物(31)"
20-205-A,515-74-11-1,長野県,飯田市,第１０弾,35.5163333333333,137.825916666667,"002:木(152), 007:果物(15), 009:名物品(47)"
21-217-B,516-75-11-2,岐阜県,飛騨市,第１０弾,36.3348888888889,137.297916666667,"019:キャラクター(86), 029:川(64)"
21-219-B,517-76-12-2,岐阜県,郡上市,第１０弾,35.8116944444444,136.924833333333,"001:花(236), 017:文学史(8)"
23-211-B,518-77-25-2,愛知県,豊田市,第１０弾,35.0867222222222,137.155833333333,"002:木(153), 010:観光名所(108), 023:橋梁(21), 029:川(65)"
23-223-A,519-78-26-1,愛知県,大府市,第１０弾,35.0089166666667,136.962083333333,"001:花(237), 019:キャラクター(87)"
23-425-A,520-79-27-1,愛知県,蟹江町,第１０弾,35.1359722222222,136.782083333333,"001:花(238), 002:木(154), 003:鳥(85), 019:キャラクター(88)"
28-210-A,521-80-16-1,兵庫県,加古川市,第１０弾,34.7672777777778,134.839416666667,001:花(239)
28-214-A,522-81-17-1,兵庫県,宝塚市,第１０弾,34.8098055555556,135.341444444444,"001:花(240), 025:幾何学模様(20)"
28-215-A,523-82-18-1,兵庫県,三木市,第１０弾,34.7940277777778,134.98925,"009:名物品(48), 025:幾何学模様(21)"
28-301-A,524-83-19-1,兵庫県,猪名川町,第１０弾,34.9188055555556,135.351972222222,"001:花(241), 002:木(155)"
28-382-A,525-84-20-1,兵庫県,播磨町,第１０弾,34.7204722222222,134.888638888889,"012:乗物(33), 016:偉人(10)"
28-443-A,526-85-21-1,兵庫県,福崎町,第１０弾,34.9607777777778,134.750916666667,"009:名物品(49), 010:観光名所(109), 011:鉄道(10), 017:文学史(9), 019:キャラクター(89)"
30-205-A,527-86-4-1,和歌山県,御坊市,第１０弾,33.8693888888889,135.161944444444,"001:花(242), 002:木(156)"
32-204-A,528-37-3-1,島根県,益田市,第１０弾,34.6930833333333,131.833416666667,"001:花(243), 002:木(157), 004:魚(55), 029:川(66)"
32-205-A,529-38-4-1,島根県,大田市,第１０弾,35.14725,132.40475,"010:観光名所(110), 018:おとぎ話(14)"
32-501-A,530-39-5-1,島根県,津和野町,第１０弾,34.4511388888889,131.759861111111,"001:花(244), 019:キャラクター(90)"
33-423-A,531-40-11-1,岡山県,早島町,第１０弾,34.6027777777778,133.833527777778,"023:橋梁(22), 025:幾何学模様(22)"
33-606-A,532-41-12-1,岡山県,鏡野町,第１０弾,35.0920277777778,133.933166666667,026:その他(15)
34-203-B,533-42-12-2,広島県,竹原市,第１０弾,34.3439444444444,132.912266666667,019:キャラクター(91)
35-202-A,534-43-8-1,山口県,宇部市,第１０弾,33.9486111111111,131.248861111111,"001:花(245), 002:木(158)"
35-208-A,535-44-9-1,山口県,岩国市,第１０弾,34.1717777777778,132.224333333333,"010:観光名所(111), 014:イベント(15), 022:お城(21), 023:橋梁(23)"
37-387-B,536-29-12-2,香川県,綾川町,第１０弾,34.2494722222222,133.930472222222,"001:花(246), 002:木(159)"
38-202-A,537-30-7-1,愛媛県,今治市,第１０弾,34.1453888888889,133.042972222222,"001:花(247), 010:観光名所(112), 023:橋梁(24), 027:海(67)"
43-100-B,538-48-6-2,熊本県,熊本市,第１０弾,32.8461111111111,130.722027777778,019:キャラクター(92)
44-341-A,539-49-3-1,大分県,日出町,第１０弾,33.3708055555556,131.531416666667,"004:魚(56), 009:名物品(50), 019:キャラクター(93), 027:海(68)"
27-204-B,540-87-36-2,大阪府,池田市,第１１弾,34.8215833333333,135.425444444444,"001:花(248), 010:観光名所(113), 012:乗物(34), 019:キャラクター(94), 028:山(59), 029:川(67)"
27-204-C,541-88-37-3,大阪府,池田市,第１１弾,34.8215833333333,135.425544444444,"010:観光名所(114), 012:乗物(35), 013:祭(29), 019:キャラクター(95), 028:山(60), 029:川(68)"
27-204-D,542-89-38-4,大阪府,池田市,第１１弾,34.8215833333333,135.425644444444,"002:木(160), 010:観光名所(115), 012:乗物(36), 019:キャラクター(96), 028:山(61), 029:川(69)"
27-204-E,543-90-39-5,大阪府,池田市,第１１弾,34.8215833333333,135.425744444444,"010:観光名所(116), 012:乗物(37), 019:キャラクター(97), 028:山(62), 029:川(70)"
28-217-A,544-91-22-1,兵庫県,川西市,第１１弾,34.8278888888889,135.413277777778,"001:花(249), 002:木(161)"
01-206-B,545-35-35-2,北海道,釧路市,第１１弾,43.4341666666667,144.098944444444,"003:鳥(86), 030:湖・沼(20)"
01-207-A,546-36-36-1,北海道,帯広市,第１１弾,42.9182222222222,143.202833333333,"001:花(250), 002:木(162), 003:鳥(87), 019:キャラクター(98)"
01-225-A,547-37-37-1,北海道,滝川市,第１１弾,43.5578055555556,141.910083333333,"001:花(251), 012:乗物(38)"
01-229-A,548-38-38-1,北海道,富良野市,第１１弾,43.3464722222222,142.391388888889,"001:花(252), 013:祭(30), 019:キャラクター(99), 028:山(63)"
01-453-A,549-39-39-1,北海道,東神楽町,第１１弾,43.6959722222222,142.451944444444,001:花(253)
01-631-A,550-40-40-1,北海道,音更町,第１１弾,42.9333611111111,143.299555555556,"001:花(254), 019:キャラクター(100)"
01-691-A,551-41-41-1,北海道,別海町,第１１弾,43.3939166666667,145.118194444444,"001:花(255), 005:動物(32)"
02-205-A,552-56-4-1,青森県,五所川原市,第１１弾,40.8111666666667,140.443861111111,013:祭(31)
02-207-A,553-57-5-1,青森県,三沢市,第１１弾,40.6836388888889,141.368638888889,"001:花(256), 002:木(163)"
03-205-D,554-58-9-4,岩手県,花巻市,第１１弾,39.3867222222222,141.228027777778,"001:花(257), 019:キャラクター(101)"
05-202-A,555-59-3-1,秋田県,能代市,第１１弾,40.2095833333333,140.026055555556,"013:祭(32), 015:スポーツ(20)"
06-205-A,556-60-11-1,山形県,新庄市,第１１弾,38.7666388888889,140.296555555556,"001:花(258), 002:木(164)"
07-208-A,557-61-19-1,福島県,喜多方市,第１１弾,37.6511111111111,139.874166666667,"001:花(259), 002:木(165), 003:鳥(88), 004:魚(57), 006:昆虫(8)"
08-215-A,558-129-16-1,茨城県,北茨城市,第１１弾,36.7914166666667,140.742194444444,"001:花(260), 002:木(166), 003:鳥(89), 010:観光名所(117), 024:歴史的建造物(46), 027:海(69)"
08-227-A,559-130-17-1,茨城県,筑西市,第１１弾,36.3046944444444,139.978611111111,"001:花(261), 007:果物(16), 009:名物品(51), 014:イベント(16), 019:キャラクター(102), 028:山(64)"
08-231-A,560-131-18-1,茨城県,桜川市,第１１弾,36.2784166666667,140.091638888889,"001:花(262), 013:祭(33)"
09-209-A,561-132-13-1,栃木県,真岡市,第１１弾,36.4429444444444,140.01175,"007:果物(17), 009:名物品(52), 011:鉄道(11), 019:キャラクター(103)"
09-213-A,562-133-14-1,栃木県,那須塩原市,第１１弾,36.9695833333333,139.822138888889,"010:観光名所(118), 019:キャラクター(104)"
10-464-A,563-134-14-1,群馬県,玉村町,第１１弾,36.3051944444444,139.123,"001:花(263), 002:木(167), 018:おとぎ話(15)"
11-217-A,564-135-36-1,埼玉県,鴻巣市,第１１弾,36.0559722222222,139.515777777778,001:花(264)
11-346-A,565-136-37-1,埼玉県,川島町,第１１弾,35.9718055555556,139.462472222222,"001:花(265), 007:果物(18), 019:キャラクター(105)"
12-205-A,566-137-15-1,千葉県,館山市,第１１弾,34.9958888888889,139.858277777778,"012:乗物(39), 027:海(70)"
12-219-A,567-138-16-1,千葉県,市原市,第１１弾,35.5099444444444,140.096583333333,"001:花(266), 002:木(168), 003:鳥(90)"
13-215-A,568-139-22-1,東京都,国立市,第１１弾,35.6995277777778,139.446888888889,"001:花(267), 024:歴史的建造物(47)"
14-214-A,569-140-19-1,神奈川県,伊勢原市,第１１弾,35.3981111111111,139.313138888889,"001:花(268), 003:鳥(91), 028:山(65)"
14-301-A,570-141-20-1,神奈川県,葉山町,第１１弾,35.2615555555556,139.580194444444,"001:花(269), 002:木(169), 003:鳥(92), 012:乗物(40), 027:海(71)"
14-402-A,571-142-21-1,神奈川県,清川村,第１１弾,35.4824166666667,139.277166666667,"002:木(170), 023:橋梁(25), 030:湖・沼(21)"
15-212-E,572-35-20-5,新潟県,村上市,第１１弾,38.1729166666667,139.460972222222,"001:花(270), 009:名物品(53), 025:幾何学模様(23)"
16-201-C,573-36-8-3,富山県,富山市,第１１弾,36.7185,137.165111111111,"023:橋梁(26), 024:歴史的建造物(48), 029:川(71)"
17-204-A,574-37-3-1,石川県,輪島市,第１１弾,37.3959444444444,136.909138888889,013:祭(34)
20-000-C,575-80-12-3,長野県,流域下水道,第１１弾,36.6109722222222,138.221361111111,"004:魚(58), 028:山(66), 029:川(72)"
20-206-A,576-81-13-1,長野県,諏訪市,第１１弾,36.0466388888889,138.116916666667,"014:イベント(17), 022:お城(22), 030:湖・沼(22)"
20-209-A,577-82-14-1,長野県,伊那市,第１１弾,35.8262777777778,137.954666666667,"005:動物(33), 009:名物品(54), 028:山(67)"
20-217-A,578-83-15-1,長野県,佐久市,第１１弾,36.2772777777778,138.464638888889,019:キャラクター(106)
20-218-C,579-84-16-3,長野県,千曲市,第１１弾,36.4868055555556,138.149611111111,"001:花(271), 002:木(171), 025:幾何学模様(24)"
20-423-A,580-85-17-1,長野県,南木曽町,第１１弾,35.5784722222222,137.595194444444,001:花(272)
21-203-B,581-86-13-2,岐阜県,高山市,第１１弾,36.1905277777778,137.551444444444,"005:動物(34), 025:幾何学模様(25)"
21-361-A,582-87-14-1,岐阜県,垂井町,第１１弾,35.3700833333333,136.531305555556,"001:花(273), 002:木(172), 014:イベント(18), 029:川(73)"
22-203-B,583-88-15-2,静岡県,沼津市,第１１弾,35.1008888888889,138.858277777778,019:キャラクター(107)
22-206-A,584-89-16-1,静岡県,三島市,第１１弾,35.12275,138.914555555556,"010:観光名所(119), 021:富士山(11), 023:橋梁(27)"
22-208-A,585-90-17-1,静岡県,伊東市,第１１弾,34.9718611111111,139.097416666667,"001:花(274), 003:鳥(93), 010:観光名所(120), 014:イベント(19), 024:歴史的建造物(49), 029:川(74)"
22-213-A,586-91-18-1,静岡県,掛川市,第１１弾,34.7688055555556,138.014194444444,"001:花(275), 022:お城(23)"
22-225-A,587-92-19-1,静岡県,伊豆の国市,第１１弾,35.0532222222222,138.945694444444,"001:花(276), 007:果物(19), 009:名物品(55), 010:観光名所(121), 021:富士山(12), 024:歴史的建造物(50), 031:世界遺産(9)"
23-202-B,588-93-28-2,愛知県,岡崎市,第１１弾,34.9525,137.169194444444,"001:花(277), 019:キャラクター(108)"
23-205-B,589-94-29-2,愛知県,半田市,第１１弾,34.90125,136.928694444444,"001:花(278), 002:木(173)"
23-362-A,590-95-30-1,愛知県,扶桑町,第１１弾,35.3596944444444,136.915694444444,"001:花(279), 009:名物品(56)"
24-204-B,591-96-11-2,三重県,松阪市,第１１弾,34.5784166666667,136.530194444444,019:キャラクター(109)
26-212-A,592-92-12-1,京都府,京丹後市,第１１弾,35.7395,135.1025,"004:魚(59), 009:名物品(57), 027:海(72)"
27-210-A,593-93-40-1,大阪府,枚方市,第１１弾,34.8153333333333,135.648444444444,"001:花(280), 012:乗物(41)"
28-202-B,594-94-23-2,兵庫県,尼崎市,第１１弾,34.7183888888889,135.416722222222,"001:花(281), 022:お城(24)"
28-223-A,595-95-24-1,兵庫県,丹波市,第１１弾,35.164,135.043583333333,019:キャラクター(110)
32-203-A,596-45-6-1,島根県,出雲市,第１１弾,35.4326666666667,132.629666666667,"003:鳥(94), 010:観光名所(122), 024:歴史的建造物(51), 027:海(73)"
32-505-A,597-46-7-1,島根県,吉賀町,第１１弾,34.3530555555556,131.942694444444,"004:魚(60), 006:昆虫(9)"
33-203-A,598-47-13-1,岡山県,津山市,第１１弾,35.0605277777778,134.003111111111,"001:花(282), 019:キャラクター(111), 022:お城(25)"
35-204-A,599-48-10-1,山口県,萩市,第１１弾,34.4023055555556,131.407194444444,"001:花(283), 007:果物(20), 009:名物品(58), 024:歴史的建造物(52)"
35-207-B,600-49-11-2,山口県,下松市,第１１弾,34.0147222222222,131.870861111111,"001:花(284), 011:鉄道(12)"
37-406-A,601-31-13-1,香川県,まんのう町,第１１弾,34.1923055555555,133.841388888889,"006:昆虫(10), 024:歴史的建造物(53), 030:湖・沼(23)"
38-215-B,602-32-8-2,愛媛県,東温市,第１１弾,33.7935555555556,132.877194444444,"001:花(285), 007:果物(21), 008:野菜(9), 014:イベント(20)"
40-211-A,603-50-18-1,福岡県,筑後市,第１１弾,33.2036388888889,130.491944444444,"001:花(286), 002:木(174), 025:幾何学模様(26)"
43-204-A,604-51-7-1,熊本県,荒尾市,第１１弾,32.9948055555556,130.434,"001:花(287), 002:木(175), 003:鳥(95), 007:果物(22), 009:名物品(59), 010:観光名所(123), 019:キャラクター(112), 024:歴史的建造物(54), 031:世界遺産(10)"
46-215-A,605-52-7-1,鹿児島県,薩摩川内市,第１１弾,31.8130833333333,130.310722222222,"014:イベント(21), 025:幾何学模様(27), 029:川(75)"
13-100-F,606-143-23-6,東京都,千代田区,第１２弾,35.6973611111111,139.761888888889,"001:花(288), 019:キャラクター(113)"
13-100-G,607-144-24-7,東京都,世田谷区,第１２弾,35.6428888888889,139.60875,019:キャラクター(114)
13-100-H,608-145-25-8,東京都,渋谷区,第１２弾,35.6795277777778,139.707805555556,019:キャラクター(115)
13-100-I,609-146-26-9,東京都,杉並区,第１２弾,35.7043333333333,139.635944444444,"013:祭(35), 019:キャラクター(116)"
13-100-J,610-147-27-10,東京都,豊島区,第１２弾,35.7306388888889,139.715222222222,019:キャラクター(117)
13-100-K,611-148-28-11,東京都,北区,第１２弾,35.7788611111111,139.719888888889,019:キャラクター(118)
13-100-L,612-149-29-12,東京都,足立区,第１２弾,35.7491388888889,139.806277777778,"014:イベント(22), 019:キャラクター(119)"
13-210-B,613-150-30-2,東京都,小金井市,第１２弾,35.70025,139.507027777778,"001:花(289), 002:木(176), 003:鳥(96), 019:キャラクター(120)"
13-211-B,614-151-31-2,東京都,小平市,第１２弾,35.7265,139.513972222222,"015:スポーツ(21), 019:キャラクター(121)"
13-220-A,615-152-32-1,東京都,東大和市,第１２弾,35.7347777777778,139.420694444444,"019:キャラクター(122), 024:歴史的建造物(55)"
13-222-A,616-153-33-1,東京都,東久留米市,第１２弾,35.7604722222222,139.534222222222,"002:木(177), 004:魚(61), 008:野菜(10), 009:名物品(60), 019:キャラクター(123)"
13-225-A,617-154-34-1,東京都,稲城市,第１２弾,35.6440555555556,139.502666666667,019:キャラクター(124)
01-221-B,618-42-42-2,北海道,名寄市,第１２弾,44.3492777777778,142.464027777778,"001:花(290), 002:木(178), 003:鳥(97)"
01-462-A,619-43-43-1,北海道,南富良野町,第１２弾,43.1715,142.569472222222,"001:花(291), 002:木(179), 012:乗物(42)"
01-516-B,620-44-44-2,北海道,豊富町,第１２弾,45.0743055555556,141.838416666667,"001:花(292), 027:海(74), 028:山(68)"
01-518-A,621-45-45-1,北海道,利尻町,第１２弾,45.1985277777778,141.139083333333,"003:鳥(98), 019:キャラクター(125), 027:海(75), 028:山(69)"
03-201-A,622-62-10-1,岩手県,盛岡市,第１２弾,39.70125,141.153,"013:祭(36), 019:キャラクター(126)"
03-211-C,623-63-11-3,岩手県,釜石市,第１２弾,39.3275833333333,141.89175,026:その他(16)
05-206-A,624-64-4-1,秋田県,男鹿市,第１２弾,39.8840277777778,139.847194444444,001:花(293)
08-212-A,625-155-19-1,茨城県,常陸太田市,第１２弾,36.5315277777778,140.527972222222,"007:果物(23), 009:名物品(61), 019:キャラクター(127)"
09-213-B,626-156-15-2,栃木県,那須塩原市,第１２弾,37.0673888888889,139.923777777778,"010:観光名所(124), 019:キャラクター(128)"
10-208-C,627-157-15-3,群馬県,渋川市,第１２弾,36.4909444444444,139.00825,"012:乗物(43), 019:キャラクター(129)"
10-345-A,628-158-16-1,群馬県,吉岡町,第１２弾,36.4471111111111,139.009583333333,"007:果物(24), 009:名物品(62)"
11-219-B,629-159-38-2,埼玉県,上尾市,第１２弾,35.972,139.584416666667,"001:花(294), 012:乗物(44), 019:キャラクター(130)"
11-231-A,630-160-39-1,埼玉県,桶川市,第１２弾,35.9981944444444,139.563722222222,"001:花(295), 009:名物品(63)"
11-235-A,631-161-40-1,埼玉県,富士見市,第１２弾,35.8465277777778,139.539972222222,"001:花(296), 019:キャラクター(131)"
11-442-A,632-162-41-1,埼玉県,宮代町,第１２弾,36.0243055555556,139.725305555556,007:果物(25)
12-227-A,633-163-17-1,千葉県,浦安市,第１２弾,35.65425,139.902194444444,"002:木(180), 024:歴史的建造物(56), 029:川(76)"
13-100-M,634-164-35-13,東京都,東京23区,第１２弾,35.6201944444444,139.703722222222,"008:野菜(11), 009:名物品(64), 019:キャラクター(132)"
13-202-B,635-165-36-2,東京都,立川市,第１２弾,35.7134166666667,139.407416666667,019:キャラクター(133)
13-209-B,636-166-37-2,東京都,町田市,第１２弾,35.5434722222222,139.447194444444,005:動物(35)
15-206-B,637-38-21-2,新潟県,新発田市,第１２弾,37.9457222222222,139.329138888889,"001:花(297), 022:お城(26)"
17-407-A,638-39-4-1,石川県,中能登町,第１２弾,36.9700555555556,136.904666666667,"018:おとぎ話(16), 019:キャラクター(134)"
18-481-A,639-40-7-1,福井県,高浜町,第１２弾,35.4876388888889,135.547166666667,"001:花(298), 010:観光名所(125), 019:キャラクター(135), 027:海(76), 028:山(70)"
19-201-B,640-97-6-2,山梨県,甲府市,第１２弾,35.64525,138.553222222222,001:花(299)
20-204-A,641-98-18-1,長野県,岡谷市,第１２弾,36.0491944444444,138.028472222222,001:花(300)
20-209-B,642-99-19-2,長野県,伊那市,第１２弾,35.8371666666667,138.055305555556,001:花(301)
20-385-A,643-100-20-1,長野県,南箕輪村,第１２弾,35.8850555555556,137.947888888889,"004:魚(62), 006:昆虫(11), 029:川(77)"
22-207-A,644-101-20-1,静岡県,富士宮市,第１２弾,35.2241944444444,138.609916666667,"001:花(302), 021:富士山(13), 030:湖・沼(24), 031:世界遺産(11)"
23-217-A,645-102-31-1,愛知県,江南市,第１２弾,35.3490277777778,136.858027777778,"001:花(303), 029:川(78)"
24-203-B,646-103-12-2,三重県,伊勢市,第１２弾,34.5079444444444,136.783277777778,"001:花(304), 010:観光名所(126), 024:歴史的建造物(57), 027:海(77)"
26-202-B,647-96-13-2,京都府,舞鶴市,第１２弾,35.4459166666667,135.329888888889,"003:鳥(99), 010:観光名所(127), 022:お城(27)"
27-211-A,648-97-41-1,大阪府,茨木市,第１２弾,34.8153888888889,135.562694444444,"001:花(305), 002:木(181)"
27-226-B,649-98-42-2,大阪府,藤井寺市,第１２弾,34.5743888888889,135.597527777778,"002:木(182), 025:幾何学模様(28)"
27-362-A,650-99-43-1,大阪府,田尻町,第１２弾,34.3978055555556,135.289277777778,"012:乗物(45), 019:キャラクター(136), 023:橋梁(28), 027:海(78)"
28-206-B,651-100-25-2,兵庫県,芦屋市,第１２弾,34.7272222222222,135.304777777778,"002:木(183), 029:川(79)"
28-228-A,652-101-26-1,兵庫県,加東市,第１２弾,34.9453055555555,134.962305555556,"004:魚(63), 009:名物品(65), 010:観光名所(128), 019:キャラクター(137), 029:川(80)"
29-343-A,653-102-8-1,奈良県,三郷町,第１２弾,34.6000833333333,135.693694444444,019:キャラクター(138)
29-441-A,654-103-9-1,奈良県,吉野町,第１２弾,34.3766111111111,135.853555555556,"001:花(306), 004:魚(64), 025:幾何学模様(29)"
32-207-A,655-50-8-1,島根県,江津市,第１２弾,35.0135833333333,132.223611111111,"001:花(307), 002:木(184), 023:橋梁(29), 028:山(71), 029:川(81)"
32-209-A,656-51-9-1,島根県,雲南市,第１２弾,35.2984444444444,132.897388888889,"001:花(308), 018:おとぎ話(17), 019:キャラクター(139)"
33-202-D,657-52-14-4,岡山県,倉敷市,第１２弾,34.5288333333333,133.741361111111,"001:花(309), 011:鉄道(13)"
34-214-A,658-53-13-1,広島県,安芸高田市,第１２弾,34.6641944444444,132.666694444444,"015:スポーツ(22), 019:キャラクター(140)"
35-216-A,659-54-12-1,山口県,山陽小野田市,第１２弾,33.9903333333333,131.177333333333,"001:花(310), 010:観光名所(129), 027:海(79)"
37-202-C,660-33-14-3,香川県,丸亀市,第１２弾,34.2327222222222,133.87825,"001:花(311), 028:山(72)"
40-341-A,661-53-19-1,福岡県,宇美町,第１２弾,33.5780277777778,130.498861111111,"001:花(312), 002:木(185)"
41-346-A,662-54-6-1,佐賀県,みやき町,第１２弾,33.3250555555556,130.454361111111,"001:花(313), 019:キャラクター(141), 028:山(73)"
44-210-A,663-55-4-1,大分県,杵築市,第１２弾,33.4164722222222,131.61925,005:動物(36)
46-201-B,664-56-8-2,鹿児島県,鹿児島市,第１２弾,31.584,130.541194444444,026:その他(17)
46-204-A,665-57-9-1,鹿児島県,枕崎市,第１２弾,31.2716666666667,130.298638888889,"004:魚(65), 009:名物品(66), 010:観光名所(130), 013:祭(37), 027:海(80)"
47-209-B,666-58-6-2,沖縄県,名護市,第１２弾,26.5936388888889,127.967388888889,"001:花(314), 015:スポーツ(23), 019:キャラクター(142)"
47-211-A,667-59-7-1,沖縄県,沖縄市,第１２弾,26.3359166666667,127.799583333333,"001:花(315), 013:祭(38), 019:キャラクター(143)"
01-212-A,668-46-46-1,北海道,留萌市,第１３弾,43.9443333333333,141.647972222222,"003:鳥(100), 010:観光名所(131), 012:乗物(46), 019:キャラクター(144), 027:海(81)"
01-231-B,669-47-47-2,北海道,恵庭市,第１３弾,42.9024166666667,141.5735,"001:花(316), 005:動物(37), 008:野菜(12), 009:名物品(67)"
01-362-A,670-48-48-1,北海道,上ノ国町,第１３弾,41.8055833333333,140.123083333333,001:花(317)
03-202-A,671-65-12-1,岩手県,宮古市,第１３弾,39.6390555555556,141.971055555556,"004:魚(66), 009:名物品(68)"
04-421-A,672-66-15-1,宮城県,大和町,第１３弾,38.4423888888889,140.88425,"001:花(318), 002:木(186), 019:キャラクター(145)"
05-212-A,673-67-5-1,秋田県,大仙市,第１３弾,39.4653333333333,140.478833333333,"002:木(187), 014:イベント(23), 017:文学史(10), 023:橋梁(30), 028:山(74), 029:川(82)"
07-201-B,674-68-20-2,福島県,福島市,第１３弾,37.7535555555556,140.466027777778,016:偉人(11)
11-211-B,675-167-42-2,埼玉県,本庄市,第１３弾,36.2189444444444,139.178888888889,"001:花(319), 004:魚(67), 019:キャラクター(146), 025:幾何学模様(30)"
11-232-A,676-168-43-1,埼玉県,久喜市,第１３弾,36.1002777777778,139.656805555556,019:キャラクター(147)
12-222-A,677-169-18-1,千葉県,我孫子市,第１３弾,35.87225,140.012333333333,"001:花(320), 003:鳥(101), 030:湖・沼(25)"
13-000-A,678-170-38-1,東京都,流域下水道,第１３弾,35.6957777777778,139.417611111111,004:魚(68)
13-206-A,679-171-39-1,東京都,府中市,第１３弾,35.6701111111111,139.469555555556,019:キャラクター(148)
13-224-D,680-172-40-4,東京都,多摩市,第１３弾,35.6225555555556,139.428055555556,"015:スポーツ(24), 019:キャラクター(149)"
13-307-A,681-173-41-1,東京都,檜原村,第１３弾,35.7267777777778,139.148944444444,"001:花(321), 002:木(188), 003:鳥(102), 010:観光名所(132)"
15-202-B,682-41-22-2,新潟県,長岡市,第１３弾,37.4550277777778,138.804527777778,"014:イベント(24), 019:キャラクター(150), 023:橋梁(31), 029:川(83)"
15-205-B,683-42-23-2,新潟県,柏崎市,第１３弾,37.3692777777778,138.553388888889,015:スポーツ(25)
15-210-C,684-43-24-3,新潟県,十日町市,第１３弾,37.1459722222222,138.752755555556,026:その他(18)
16-201-D,685-44-9-4,富山県,富山市,第１３弾,36.6905277777778,137.211361111111,"011:鉄道(14), 022:お城(28), 028:山(75)"
17-204-B,686-45-5-2,石川県,輪島市,第１３弾,37.2814722222222,136.733666666667,001:花(322)
19-208-A,687-104-7-1,山梨県,南アルプス市,第１３弾,35.6380555555556,138.471194444444,"001:花(323), 003:鳥(103), 007:果物(26), 009:名物品(69), 028:山(76)"
20-205-B,688-105-21-2,長野県,飯田市,第１３弾,35.3212777777778,137.934916666667,"002:木(189), 003:鳥(104), 010:観光名所(133), 022:お城(29)"
21-203-C,689-106-15-3,岐阜県,高山市,第１３弾,36.2108055555556,137.215333333333,001:花(324)
21-219-C,690-107-16-3,岐阜県,郡上市,第１３弾,35.7497777777778,136.955833333333,"010:観光名所(134), 019:キャラクター(151)"
22-207-B,691-108-21-2,静岡県,富士宮市,第１３弾,35.2223055555556,138.622361111111,"002:木(190), 019:キャラクター(152), 021:富士山(14), 031:世界遺産(12)"
22-210-B,692-109-22-2,静岡県,富士市,第１３弾,35.1571944444444,138.690694444444,"004:魚(69), 009:名物品(70), 010:観光名所(135), 021:富士山(15), 027:海(82), 031:世界遺産(13)"
22-424-A,693-110-23-1,静岡県,吉田町,第１３弾,34.7715833333333,138.251277777778,"001:花(325), 019:キャラクター(153), 021:富士山(16), 022:お城(30)"
23-202-C,694-111-32-3,愛知県,岡崎市,第１３弾,34.9138055555556,137.217416666667,"001:花(326), 019:キャラクター(154)"
23-219-A,695-112-33-1,愛知県,小牧市,第１３弾,35.29,136.91175,"007:果物(27), 010:観光名所(136), 012:乗物(47), 022:お城(31)"
23-224-A,696-113-34-1,愛知県,知多市,第１３弾,34.9679722222222,136.889166666667,001:花(327)
23-447-A,697-114-35-1,愛知県,武豊町,第１３弾,34.8454444444444,136.924222222222,"001:花(328), 009:名物品(71), 018:おとぎ話(18), 019:キャラクター(155)"
24-202-C,698-115-13-3,三重県,四日市市,第１３弾,34.9663611111111,136.6185,001:花(329)
26-100-B,699-104-14-3,京都府,京都市,第１３弾,34.93875,135.80175,"001:花(330), 019:キャラクター(156)"
26-202-C,700-105-15-3,京都府,舞鶴市,第１３弾,35.4712222222222,135.390305555556,"003:鳥(105), 010:観光名所(137), 024:歴史的建造物(58)"
26-206-B,701-106-16-2,京都府,亀岡市,第１３弾,35.0168055555556,135.583638888889,"001:花(331), 004:魚(70), 015:スポーツ(26), 019:キャラクター(157)"
27-222-A,702-107-44-1,大阪府,羽曳野市,第１３弾,34.5576388888889,135.607055555556,"007:果物(28), 019:キャラクター(158)"
27-301-B,703-108-45-2,大阪府,島本町,第１３弾,34.8781388888889,135.667805555556,019:キャラクター(159)
28-217-B,704-109-27-2,兵庫県,川西市,第１３弾,34.8278888888889,135.413222222222,"001:花(332), 002:木(191), 010:観光名所(138), 024:歴史的建造物(59)"
31-203-A,705-55-7-1,鳥取県,倉吉市,第１３弾,35.4311666666667,133.824694444444,"010:観光名所(139), 019:キャラクター(160)"
32-000-A,706-56-10-1,島根県,流域下水道,第１３弾,35.3676666666667,132.755305555556,019:キャラクター(161)
33-681-A,707-57-15-1,岡山県,吉備中央町,第１３弾,34.8336944444444,133.759833333333,019:キャラクター(162)
34-214-B,708-58-14-2,広島県,安芸高田市,第１３弾,34.6479722222222,132.674,015:スポーツ(27)
35-201-B,709-59-13-2,山口県,下関市,第１３弾,33.9894444444444,130.991833333333,"010:観光名所(140), 019:キャラクター(163), 023:橋梁(32), 028:山(77)"
36-401-B,710-34-4-2,徳島県,松茂町,第１３弾,34.1339166666667,134.580111111111,"001:花(333), 012:乗物(48), 019:キャラクター(164)"
38-201-B,711-35-9-2,愛媛県,松山市,第１３弾,33.8519166666667,132.786083333333,"010:観光名所(141), 019:キャラクター(165), 024:歴史的建造物(60)"
38-204-B,712-36-10-2,愛媛県,八幡浜市,第１３弾,33.4583333333333,132.418833333333,"009:名物品(72), 014:イベント(25)"
38-206-A,713-37-11-1,愛媛県,西条市,第１３弾,33.9127777777778,133.18775,"001:花(334), 002:木(192), 003:鳥(106), 029:川(84)"
40-223-A,714-60-20-1,福岡県,古賀市,第１３弾,33.7293333333333,130.470027777778,"002:木(193), 027:海(83), 029:川(85), 032:下水道施設(1)"
43-205-A,715-61-8-1,熊本県,水俣市,第１３弾,32.1991666666667,130.381666666667,"010:観光名所(142), 019:キャラクター(166)"
47-201-B,716-62-8-2,沖縄県,那覇市,第１３弾,26.2136388888889,127.690277777778,"001:花(335), 018:おとぎ話(19)"
47-209-C,717-63-9-3,沖縄県,名護市,第１３弾,26.5915555555556,127.977555555556,"001:花(336), 002:木(194), 027:海(84)"
01-516-C,718-49-49-3,北海道,豊富町,第１４弾,45.1046666666667,141.772388888889,"001:花(337), 027:海(85), 028:山(78)"
01-585-A,719-50-50-1,北海道,安平町,第１４弾,42.87575,141.819583333333,"011:鉄道(15), 025:幾何学模様(31)"
03-208-A,720-69-13-1,岩手県,遠野市,第１４弾,39.3464722222222,141.3525,"010:観光名所(143), 023:橋梁(33)"
04-000-B,721-70-16-2,宮城県,流域下水道,第１４弾,38.1126111111111,140.928444444444,"001:花(338), 019:キャラクター(167)"
04-406-A,722-71-17-1,宮城県,利府町,第１４弾,38.3295,140.975416666667,"010:観光名所(144), 011:鉄道(16), 027:海(86)"
07-422-B,723-72-21-2,福島県,湯川村,第１４弾,37.5659722222222,139.886861111111,"009:名物品(73), 019:キャラクター(168)"
08-210-A,724-174-20-1,茨城県,下妻市,第１４弾,36.1827777777778,139.954388888889,"001:花(339), 007:果物(29), 009:名物品(74), 019:キャラクター(169), 023:橋梁(34), 028:山(79), 030:湖・沼(26)"
08-214-A,725-175-21-1,茨城県,高萩市,第１４弾,36.7378888888889,140.693305555556,026:その他(19)
09-361-A,726-176-16-1,栃木県,壬生町,第１４弾,36.4269166666667,139.80275,"010:観光名所(145), 022:お城(32)"
11-242-B,727-177-44-2,埼玉県,日高市,第１４弾,35.8813611111111,139.304083333333,"001:花(340), 010:観光名所(146), 029:川(86)"
12-100-B,728-178-19-2,千葉県,千葉市,第１４弾,35.6491388888889,140.034611111111,019:キャラクター(170)
13-100-N,729-179-42-14,東京都,東京23区,第１４弾,35.7409444444444,139.849805555556,026:その他(20)
13-205-A,730-180-43-1,東京都,青梅市,第１４弾,35.79025,139.257972222222,"001:花(341), 019:キャラクター(171)"
14-150-C,731-181-22-3,神奈川県,相模原市,第１４弾,35.5683333333333,139.395055555556,026:その他(21)
14-210-A,732-182-23-1,神奈川県,三浦市,第１４弾,35.1878888888889,139.657055555556,"001:花(342), 003:鳥(107), 027:海(87)"
15-202-C,733-46-25-3,新潟県,長岡市,第１４弾,37.4473055555556,138.850972222222,"015:スポーツ(28), 019:キャラクター(172), 025:幾何学模様(32)"
16-202-B,734-47-10-2,富山県,高岡市,第１４弾,36.7920833333333,137.057361111111,"001:花(343), 010:観光名所(147), 024:歴史的建造物(61)"
16-208-A,735-48-11-1,富山県,砺波市,第１４弾,36.6412777777778,136.961583333333,"001:花(344), 019:キャラクター(173)"
20-201-A,736-116-22-1,長野県,長野市,第１４弾,36.64375,138.187305555556,"001:花(345), 007:果物(30), 009:名物品(75)"
20-209-C,737-117-23-3,長野県,伊那市,第１４弾,35.8393333333333,137.959,"001:花(346), 002:木(195), 028:山(80)"
20-220-A,738-118-24-1,長野県,安曇野市,第１４弾,36.33975,137.883166666667,"001:花(347), 007:果物(31), 028:山(81)"
20-361-A,739-119-25-1,長野県,下諏訪町,第１４弾,36.0752777777778,138.090527777778,"010:観光名所(148), 013:祭(39)"
20-430-A,740-120-26-1,長野県,大桑村,第１４弾,35.68475,137.660861111111,001:花(348)
21-203-D,741-121-17-4,岐阜県,高山市,第１４弾,36.0212777777778,136.965583333333,"001:花(349), 002:木(196)"
22-207-C,742-122-24-3,静岡県,富士宮市,第１４弾,35.2271388888889,138.611555555556,"004:魚(71), 009:名物品(76), 010:観光名所(149), 021:富士山(17), 029:川(87), 031:世界遺産(14)"
23-202-D,743-123-36-4,愛知県,岡崎市,第１４弾,34.9555,137.152583333333,"001:花(350), 019:キャラクター(174)"
23-210-A,744-124-37-1,愛知県,刈谷市,第１４弾,34.9907222222222,137.008222222222,"001:花(351), 008:野菜(13), 009:名物品(77), 010:観光名所(150), 012:乗物(49), 013:祭(40)"
23-236-A,745-125-38-1,愛知県,みよし市,第１４弾,35.0896944444444,137.072944444444,001:花(352)
27-213-B,746-110-46-2,大阪府,泉佐野市,第１４弾,34.4114166666667,135.316888888889,"010:観光名所(151), 012:乗物(50), 019:キャラクター(175)"
27-217-A,747-111-47-1,大阪府,松原市,第１４弾,34.5733055555556,135.565777777778,"001:花(353), 002:木(197)"
27-219-B,748-112-48-2,大阪府,和泉市,第１４弾,34.4448055555556,135.4535,"002:木(198), 003:鳥(108)"
28-100-B,749-113-28-2,兵庫県,神戸市,第１４弾,34.6900277777778,135.192472222222,"010:観光名所(152), 012:乗物(51), 028:山(82)"
28-207-B,750-114-29-2,兵庫県,伊丹市,第１４弾,34.7753611111111,135.44475,"010:観光名所(153), 012:乗物(52)"
31-203-B,751-60-8-2,鳥取県,倉吉市,第１４弾,35.43025,133.814527777778,"010:観光名所(154), 019:キャラクター(176)"
33-210-A,752-61-16-1,岡山県,新見市,第１４弾,34.98525,133.456972222222,"019:キャラクター(177), 020:広告宣伝(5)"
33-461-B,753-62-17-2,岡山県,矢掛町,第１４弾,34.6242222222222,133.59175,001:花(354)
34-214-C,754-63-15-3,広島県,安芸高田市,第１４弾,34.6479722222222,132.6741,015:スポーツ(29)
38-213-A,755-38-12-1,愛媛県,四国中央市,第１４弾,34.0075277777778,133.572527777778,"001:花(355), 008:野菜(14), 009:名物品(78), 019:キャラクター(178), 025:幾何学模様(33)"
41-201-B,756-64-7-2,佐賀県,佐賀市,第１４弾,33.2522777777778,130.300166666667,"012:乗物(53), 019:キャラクター(179)"
43-202-B,757-65-9-2,熊本県,八代市,第１４弾,32.50575,130.602138888889,"002:木(199), 007:果物(32)"
46-218-B,758-66-10-2,鹿児島県,霧島市,第１４弾,31.89275,130.826916666667,"001:花(356), 003:鳥(109)"
13-100-O,759-183-44-15,東京都,新宿区,第１５弾,35.6949166666667,139.702,019:キャラクター(180)
13-100-Q,760-184-45-16,東京都,台東区,第１５弾,35.7144444444444,139.788805555556,019:キャラクター(181)
13-100-R,761-185-46-17,東京都,墨田区,第１５弾,35.6966388888889,139.792055555556,"015:スポーツ(30), 019:キャラクター(182)"
13-100-S,762-186-47-18,東京都,品川区,第１５弾,35.6220555555556,139.751277777778,026:その他(22)
13-100-T,763-187-48-19,東京都,大田区,第１５弾,35.5436666666667,139.713722222222,"002:木(200), 009:名物品(79), 019:キャラクター(183), 029:川(88)"
13-100-U,764-188-49-20,東京都,杉並区,第１５弾,35.7085277777778,139.614083333333,"010:観光名所(155), 019:キャラクター(184)"
13-100-V,765-189-50-21,東京都,練馬区,第１５弾,35.75075,139.588638888889,019:キャラクター(185)
13-100-W,766-190-51-22,東京都,足立区,第１５弾,35.7490277777778,139.806361111111,019:キャラクター(186)
13-100-X,767-191-52-23,東京都,葛飾区,第１５弾,35.7676944444444,139.848777777778,019:キャラクター(187)
13-100-Y,768-192-53-24,東京都,江戸川区,第１５弾,35.649,139.883222222222,019:キャラクター(188)
13-204-A,769-193-54-1,東京都,三鷹市,第１５弾,35.7021666666667,139.5625,"002:木(201), 019:キャラクター(189)"
13-219-B,770-194-55-2,東京都,狛江市,第１５弾,35.6326666666667,139.577583333333,026:その他(23)
13-221-A,771-195-56-1,東京都,清瀬市,第１５弾,35.7727222222222,139.520638888889,"001:花(357), 006:昆虫(12)"
13-222-B,772-196-57-2,東京都,東久留米市,第１５弾,35.7643888888889,139.540805555556,019:キャラクター(190)
13-228-A,773-197-58-1,東京都,あきる野市,第１５弾,35.7296111111111,139.286888888889,"013:祭(41), 019:キャラクター(191)"
27-100-C,774-115-49-3,大阪府,大阪市,第１５弾,34.6893611111111,135.532111111111,019:キャラクター(192)
01-460-A,775-51-51-1,北海道,上富良野町,第１５弾,43.4626666666667,142.477916666667,"001:花(358), 028:山(83)"
03-202-B,776-73-14-2,岩手県,宮古市,第１５弾,39.7382777777778,141.972138888889,"003:鳥(110), 010:観光名所(156), 027:海(88)"
09-208-A,777-198-17-1,栃木県,小山市,第１５弾,36.31425,139.801027777778,"003:鳥(111), 009:名物品(80), 019:キャラクター(193)"
13-100-Z,778-199-59-25,東京都,東京23区,第１５弾,35.7363333333333,139.757111111111,019:キャラクター(194)
13-100-A,779-200-60-26,東京都,東京23区,第１５弾,35.7496666666667,139.586833333333,"015:スポーツ(31), 019:キャラクター(195)"
13-100-B,780-201-61-27,東京都,東京23区,第１５弾,35.7500555555556,139.851527777778,019:キャラクター(196)
13-222-C,781-202-62-3,東京都,東久留米市,第１５弾,35.74525,139.505555555556,019:キャラクター(197)
14-201-B,782-203-24-2,神奈川県,横須賀市,第１５弾,35.2412777777778,139.719222222222,024:歴史的建造物(62)
14-206-B,783-204-25-2,神奈川県,小田原市,第１５弾,35.2541111111111,139.158666666667,"010:観光名所(157), 019:キャラクター(198), 022:お城(33)"
16-201-E,784-49-12-5,富山県,富山市,第１５弾,36.76175,137.233444444444,"012:乗物(54), 024:歴史的建造物(63), 027:海(89)"
20-217-B,785-126-27-2,長野県,佐久市,第１５弾,36.2774722222222,138.464972222222,019:キャラクター(199)
21-203-E,786-127-18-5,岐阜県,高山市,第１５弾,36.0885277777778,137.247583333333,"001:花(359), 002:木(202), 028:山(84), 029:川(89)"
23-202-E,787-128-39-5,愛知県,岡崎市,第１５弾,34.9159166666667,137.164166666667,"019:キャラクター(200), 020:広告宣伝(6)"
23-227-B,788-129-40-2,愛知県,高浜市,第１５弾,34.9235833333333,136.98175,"001:花(360), 009:名物品(81)"
23-424-A,789-130-41-1,愛知県,大治町,第１５弾,35.1728333333333,136.821833333333,"008:野菜(15), 009:名物品(82), 024:歴史的建造物(64)"
23-561-A,790-131-42-1,愛知県,設楽町,第１５弾,35.0935555555556,137.570194444444,001:花(361)
26-203-A,791-116-17-1,京都府,綾部市,第１５弾,35.3056388888889,135.200166666667,"001:花(362), 002:木(203), 004:魚(72), 023:橋梁(35), 024:歴史的建造物(65), 029:川(90)"
28-217-C,792-117-30-3,兵庫県,川西市,第１５弾,34.9272222222222,135.439972222222,"001:花(363), 009:名物品(83), 024:歴史的建造物(66)"
33-214-A,793-64-18-1,岡山県,真庭市,第１５弾,35.2913888888889,133.636388888889,010:観光名所(158)
39-211-D,794-39-9-4,高知県,香南市,第１５弾,33.562,133.697972222222,"003:鳥(112), 019:キャラクター(201)"
43-213-A,795-67-10-1,熊本県,宇城市,第１５弾,32.6514166666667,130.697361111111,"001:花(364), 002:木(204), 003:鳥(113)"
11-208-C,796-205-45-3,埼玉県,所沢市,第１６弾,35.7865277777778,139.474305555556,019:キャラクター(202)
11-208-D,797-206-46-4,埼玉県,所沢市,第１６弾,35.7982777777778,139.509916666667,019:キャラクター(203)
01-228-A,798-52-52-1,北海道,深川市,第１６弾,43.7233333333333,142.054166666667,"007:果物(33), 008:野菜(16), 009:名物品(84)"
04-361-A,799-74-18-1,宮城県,亘理町,第１６弾,38.0393888888889,140.915222222222,"004:魚(73), 009:名物品(85)"
07-543-A,800-75-22-1,福島県,富岡町,第１６弾,37.3479166666667,141.009166666667,"001:花(365), 002:木(205), 027:海(90)"
10-203-B,801-207-17-2,群馬県,桐生市,第１６弾,36.4047222222222,139.329166666667,"009:名物品(86), 018:おとぎ話(20), 024:歴史的建造物(67)"
11-232-B,802-208-47-2,埼玉県,久喜市,第１６弾,36.1129444444444,139.711833333333,019:キャラクター(204)
12-205-B,803-209-20-2,千葉県,館山市,第１６弾,34.9894166666667,139.855166666667,"004:魚(74), 019:キャラクター(205), 021:富士山(18), 027:海(91)"
12-212-A,804-210-21-1,千葉県,佐倉市,第１６弾,35.7208333333333,140.21975,"001:花(366), 002:木(206)"
13-100-C,805-211-63-28,東京都,東京23区,第１６弾,35.7496944444444,139.586916666667,019:キャラクター(206)
13-202-C,806-212-64-3,東京都,立川市,第１６弾,35.7264166666667,139.369944444444,"019:キャラクター(207), 025:幾何学模様(34)"
13-206-B,807-213-65-2,東京都,府中市,第１６弾,35.671,139.479138888889,"002:木(207), 019:キャラクター(208)"
13-228-B,808-214-66-2,東京都,あきる野市,第１６弾,35.7325277777778,139.228472222222,"010:観光名所(159), 019:キャラクター(209), 023:橋梁(36), 028:山(85), 029:川(91)"
14-130-B,809-215-26-2,神奈川県,川崎市,第１６弾,35.5860833333333,139.651083333333,"015:スポーツ(32), 019:キャラクター(210)"
14-206-C,810-216-27-3,神奈川県,小田原市,第１６弾,35.2499166666667,139.155194444444,"001:花(367), 009:名物品(87), 010:観光名所(160), 013:祭(42), 022:お城(34)"
14-208-A,811-217-28-1,神奈川県,逗子市,第１６弾,35.2968888888889,139.579555555556,"010:観光名所(161), 015:スポーツ(33), 017:文学史(11), 021:富士山(19), 027:海(92)"
14-215-A,812-218-29-1,神奈川県,海老名市,第１６弾,35.4523888888889,139.394166666667,"001:花(368), 002:木(208), 024:歴史的建造物(68)"
15-206-C,813-50-26-3,新潟県,新発田市,第１６弾,37.8813888888889,139.308833333333,"010:観光名所(162), 019:キャラクター(211)"
15-208-B,814-51-27-2,新潟県,小千谷市,第１６弾,37.3702222222222,138.779805555556,013:祭(43)
15-213-C,815-52-28-3,新潟県,燕市,第１６弾,37.6871666666667,138.877722222222,"001:花(369), 019:キャラクター(212)"
15-405-A,816-53-29-1,新潟県,出雲崎町,第１６弾,37.5390555555556,138.679305555556,"014:イベント(26), 027:海(93)"
16-201-F,817-54-13-6,富山県,富山市,第１６弾,36.7088888888889,137.211638888889,"010:観光名所(163), 019:キャラクター(213), 022:お城(35), 028:山(86)"
17-463-A,818-55-6-1,石川県,能登町,第１６弾,37.3122222222222,137.229694444444,"004:魚(75), 005:動物(38), 007:果物(34), 009:名物品(88)"
19-430-A,819-132-8-1,山梨県,富士河口湖町,第１６弾,35.5234444444444,138.768222222222,"001:花(370), 010:観光名所(164), 021:富士山(20), 023:橋梁(37), 030:湖・沼(27), 031:世界遺産(15)"
20-210-A,820-133-28-1,長野県,駒ヶ根市,第１６弾,35.7361944444444,137.936222222222,"001:花(371), 002:木(209)"
20-403-A,821-134-29-1,長野県,高森町,第１６弾,35.5345555555556,137.87375,"007:果物(35), 009:名物品(89)"
23-205-C,822-135-43-3,愛知県,半田市,第１６弾,34.8939444444444,136.926444444444,"006:昆虫(13), 025:幾何学模様(35)"
24-205-B,823-136-14-2,三重県,桑名市,第１６弾,35.0659444444444,136.696083333333,"010:観光名所(165), 012:乗物(55), 023:橋梁(38), 027:海(94), 029:川(92)"
27-140-B,824-118-50-2,大阪府,堺市,第１６弾,34.5755,135.481111111111,026:その他(24)
27-202-B,825-119-51-2,大阪府,岸和田市,第１６弾,34.4347222222222,135.431638888889,"003:鳥(114), 008:野菜(17), 028:山(87), 029:川(93)"
27-230-B,826-120-52-2,大阪府,交野市,第１６弾,34.7761388888889,135.684333333333,"018:おとぎ話(21), 019:キャラクター(214)"
33-202-E,827-65-19-5,岡山県,倉敷市,第１６弾,34.5993333333333,133.767194444444,"001:花(372), 004:魚(76), 007:果物(36), 009:名物品(90), 012:乗物(56), 018:おとぎ話(22), 025:幾何学模様(36)"
33-623-A,828-66-20-1,岡山県,奈義町,第１６弾,35.1221111111111,134.175111111111,014:イベント(27)
35-202-B,829-67-14-2,山口県,宇部市,第１６弾,33.9511944444444,131.247388888889,"001:花(373), 005:動物(39)"
38-214-A,830-40-13-1,愛媛県,西予市,第１６弾,33.3630833333333,132.514694444444,"001:花(374), 024:歴史的建造物(69)"
38-402-A,831-41-14-1,愛媛県,砥部町,第１６弾,33.7872222222222,132.783333333333,"007:果物(37), 009:名物品(91)"
40-130-C,832-68-21-3,福岡県,福岡市,第１６弾,33.5935555555556,130.366822222222,"003:鳥(115), 015:スポーツ(34), 019:キャラクター(215)"
42-201-B,833-69-7-2,長崎県,長崎市,第１６弾,32.7365555555556,129.868694444444,"010:観光名所(166), 012:乗物(57), 015:スポーツ(35), 019:キャラクター(216), 027:海(95), 028:山(88)"
42-214-A,834-70-8-1,長崎県,南島原市,第１６弾,32.63475,130.2535,"001:花(375), 016:偉人(12), 022:お城(36), 031:世界遺産(16)"
46-530-A,835-71-11-1,鹿児島県,徳之島町,第１６弾,27.7310277777778,129.019166666667,"001:花(376), 005:動物(40), 007:果物(38), 008:野菜(18), 019:キャラクター(217), 031:世界遺産(17)"
47-000-B,836-72-10-2,沖縄県,流域下水道,第１６弾,26.2132777777778,127.678888888889,"001:花(377), 009:名物品(92), 022:お城(37), 031:世界遺産(18)"
47-326-B,837-73-11-2,沖縄県,北谷町,第１６弾,26.3199166666667,127.764388888889,"019:キャラクター(218), 025:幾何学模様(37)"
01-214-B,838-53-53-2,北海道,稚内市,第１７弾,45.4084444444444,141.676333333333,"010:観光名所(167), 019:キャラクター(219)"
01-487-B,839-54-54-2,北海道,天塩町,第１７弾,44.8764444444444,141.744444444444,"010:観光名所(168), 019:キャラクター(220), 024:歴史的建造物(70)"
01-516-D,840-55-55-4,北海道,豊富町,第１７弾,45.1046666666667,141.772488888889,"010:観光名所(169), 019:キャラクター(221), 028:山(89)"
01-545-A,841-56-56-1,北海道,斜里町,第１７弾,44.0691944444444,144.991027777778,"001:花(378), 002:木(210), 003:鳥(116), 005:動物(41), 031:世界遺産(19)"
02-441-A,842-76-6-1,青森県,三戸町,第１７弾,40.3806388888889,141.258222222222,"007:果物(39), 019:キャラクター(222)"
03-213-A,843-77-15-1,岩手県,二戸市,第１７弾,40.2691944444444,141.294611111111,006:昆虫(14)
03-216-A,844-78-16-1,岩手県,滝沢市,第１７弾,39.7099444444444,141.024916666667,"005:動物(42), 014:イベント(28), 028:山(90)"
06-204-A,845-79-12-1,山形県,酒田市,第１７弾,38.9165,139.836888888889,"010:観光名所(170), 012:乗物(58), 019:キャラクター(223), 024:歴史的建造物(71), 027:海(96)"
07-204-B,846-80-23-2,福島県,いわき市,第１７弾,36.9472777777778,140.901777777778,019:キャラクター(224)
07-542-A,847-81-24-1,福島県,楢葉町,第１７弾,37.267,141.013861111111,"002:木(211), 004:魚(77), 007:果物(40), 028:山(91), 029:川(94)"
07-544-A,848-82-25-1,福島県,川内村,第１７弾,37.33775,140.809416666667,019:キャラクター(225)
11-201-B,849-219-48-2,埼玉県,川越市,第１７弾,35.9060555555556,139.481,026:その他(25)
12-207-B,850-220-22-2,千葉県,松戸市,第１７弾,35.7826388888889,139.899166666667,"001:花(379), 002:木(212), 003:鳥(117), 005:動物(43)"
13-100-D,851-221-67-29,東京都,東京23区,第１７弾,35.7379444444444,139.785222222222,"024:歴史的建造物(72), 032:下水道施設(2)"
13-222-D,852-222-68-4,東京都,東久留米市,第１７弾,35.7556111111111,139.523166666667,019:キャラクター(226)
14-150-D,853-223-30-4,神奈川県,相模原市,第１７弾,35.5699722222222,139.395777777778,019:キャラクター(227)
15-211-A,854-56-30-1,新潟県,見附市,第１７弾,37.5353333333333,138.889277777778,"001:花(380), 002:木(213), 014:イベント(29)"
15-213-D,855-57-31-4,新潟県,燕市,第１７弾,37.6635277777778,138.824833333333,"001:花(381), 024:歴史的建造物(73), 028:山(92), 029:川(95)"
16-201-G,856-58-14-7,富山県,富山市,第１７弾,36.5768888888889,137.130777777778,"010:観光名所(171), 013:祭(44)"
16-209-B,857-59-15-2,富山県,小矢部市,第１７弾,36.6729166666667,136.865611111111,"010:観光名所(172), 019:キャラクター(228)"
18-202-B,858-60-8-2,福井県,敦賀市,第１７弾,35.6594166666667,136.071611111111,"010:観光名所(173), 027:海(97), 028:山(93)"
21-203-F,859-137-19-6,岐阜県,高山市,第１７弾,36.0486388888889,137.275138888889,001:花(382)
23-202-F,860-138-44-6,愛知県,岡崎市,第１７弾,34.9529444444444,137.168611111111,"019:キャラクター(229), 020:広告宣伝(7)"
23-208-A,861-139-45-1,愛知県,津島市,第１７弾,35.1782222222222,136.721361111111,"001:花(383), 013:祭(45)"
27-232-A,862-121-53-1,大阪府,阪南市,第１７弾,34.3595555555556,135.240333333333,"001:花(384), 002:木(214)"
28-207-C,863-122-31-3,兵庫県,伊丹市,第１７弾,34.7917777777778,135.395361111111,"001:花(385), 003:鳥(118), 010:観光名所(174)"
33-215-A,864-68-21-1,岡山県,美作市,第１７弾,34.9961944444444,134.140305555556,"001:花(386), 003:鳥(119), 010:観光名所(175)"
34-207-A,865-69-16-1,広島県,福山市,第１７弾,34.4892777777778,133.359527777778,"005:動物(44), 019:キャラクター(230), 022:お城(38)"
37-201-B,866-42-15-2,香川県,高松市,第１７弾,34.3022777777778,133.952583333333,"001:花(387), 002:木(215), 009:名物品(93)"
38-210-A,867-43-15-1,愛媛県,伊予市,第１７弾,33.7710555555556,132.717305555556,"001:花(388), 007:果物(41), 009:名物品(94)"
40-221-A,868-74-22-1,福岡県,太宰府市,第１７弾,33.5055555555556,130.516555555556,"010:観光名所(176), 019:キャラクター(231)"
41-206-A,869-75-8-1,佐賀県,武雄市,第１７弾,33.1944722222222,130.021,"010:観光名所(177), 019:キャラクター(232)"
44-203-A,870-76-5-1,大分県,中津市,第１７弾,33.5999166666667,131.190638888889,"010:観光名所(178), 017:文学史(12), 020:広告宣伝(8), 024:歴史的建造物(74)"
46-201-C,871-77-12-3,鹿児島県,鹿児島市,第１７弾,31.5902777777778,130.554611111111,"019:キャラクター(233), 028:山(94)"
00-101-A,872-1-1-1,,,第１７弾,35.8191388888889,139.640194444444,032:下水道施設(3)
11-000-I,873-224-49-9,埼玉県,流域下水道,第１７弾,35.8275833333333,139.652,019:キャラクター(234)
11-010-A,874-225-50-1,,,第１７弾,35.8139444444444,139.641694444444,"019:キャラクター(235), 029:川(96)"
01-224-A,875-57-57-1,北海道,千歳市,第１８弾,42.834,141.658638888889,"004:魚(78), 012:乗物(59), 029:川(97), 030:湖・沼(28)"
01-454-A,876-58-58-1,北海道,当麻町,第１８弾,43.8262222222222,142.512583333333,"010:観光名所(179), 018:おとぎ話(23)"
01-563-A,877-59-59-1,北海道,雄武町,第１８弾,44.5831388888889,142.960388888889,"009:名物品(95), 019:キャラクター(236), 027:海(98)"
01-647-B,878-60-60-2,北海道,足寄町,第１８弾,43.2331388888889,143.55925,"008:野菜(19), 009:名物品(96), 010:観光名所(180), 019:キャラクター(237)"
04-000-C,879-83-19-3,宮城県,流域下水道,第１８弾,38.7336388888889,141.199472222222,"003:鳥(120), 028:山(95)"
07-521-A,880-84-26-1,福島県,三春町,第１８弾,37.4428333333333,140.490361111111,"001:花(389), 002:木(216), 010:観光名所(181)"
08-225-A,881-226-22-1,茨城県,常陸大宮市,第１８弾,36.5424722222222,140.411472222222,"001:花(390), 019:キャラクター(238)"
08-309-A,882-227-23-1,茨城県,大洗町,第１８弾,36.3147222222222,140.563083333333,"004:魚(79), 009:名物品(97), 010:観光名所(182), 019:キャラクター(239), 024:歴史的建造物(75)"
09-214-A,883-228-18-1,栃木県,さくら市,第１８弾,36.6813888888889,139.957527777778,019:キャラクター(240)
09-361-B,884-229-19-2,栃木県,壬生町,第１８弾,36.4659444444444,139.829888888889,"009:名物品(98), 010:観光名所(183), 019:キャラクター(241)"
11-222-C,885-230-51-3,埼玉県,越谷市,第１８弾,35.8771944444444,139.822055555556,"007:果物(42), 009:名物品(99), 019:キャラクター(242)"
11-225-A,886-231-52-1,埼玉県,入間市,第１８弾,35.8418888888889,139.389805555556,"001:花(391), 009:名物品(100), 012:乗物(60), 019:キャラクター(243)"
11-228-A,887-232-53-1,埼玉県,志木市,第１８弾,35.8360555555556,139.581138888889,"001:花(392), 002:木(217), 019:キャラクター(244)"
11-231-B,888-233-54-2,埼玉県,桶川市,第１８弾,36.0005555555556,139.565888888889,"002:木(218), 010:観光名所(184), 019:キャラクター(245), 024:歴史的建造物(76)"
12-203-B,889-234-23-2,千葉県,市川市,第１８弾,35.7642222222222,139.966,"001:花(393), 002:木(219), 006:昆虫(15), 007:果物(43), 009:名物品(101), 010:観光名所(185)"
12-208-B,890-235-24-2,千葉県,野田市,第１８弾,36.0258055555556,139.820666666667,"002:木(220), 022:お城(39)"
13-215-B,891-236-69-2,東京都,国立市,第１８弾,35.6794166666667,139.431388888889,"001:花(394), 003:鳥(121), 012:乗物(61)"
13-218-A,892-237-70-1,東京都,福生市,第１８弾,35.7417777777778,139.327777777778,"002:木(221), 013:祭(46), 018:おとぎ話(24)"
13-421-A,893-238-71-1,東京都,小笠原村,第１８弾,27.0937777777778,142.191805555556,"005:動物(45), 027:海(99)"
14-130-C,894-239-31-3,神奈川県,川崎市,第１８弾,35.5305277777778,139.701194444444,"012:乗物(62), 029:川(98)"
14-207-A,895-240-32-1,神奈川県,茅ヶ崎市,第１８弾,35.3295277777778,139.405722222222,"003:鳥(122), 010:観光名所(186), 012:乗物(63), 027:海(100)"
15-202-D,896-61-32-4,新潟県,長岡市,第１８弾,37.2607777777778,138.867833333333,"004:魚(80), 008:野菜(20), 009:名物品(102), 014:イベント(30), 019:キャラクター(246), 023:橋梁(39), 029:川(99)"
15-209-A,897-62-33-1,新潟県,加茂市,第１８弾,37.6587777777778,139.050083333333,001:花(395)
17-463-B,898-63-7-2,石川県,能登町,第１８弾,37.30725,137.150166666667,013:祭(47)
20-203-A,899-140-30-1,長野県,上田市,第１８弾,36.4031388888889,138.247027777778,"001:花(396), 025:幾何学模様(38)"
20-217-C,900-141-31-3,長野県,佐久市,第１８弾,36.2780277777778,138.465666666667,019:キャラクター(247)
20-452-A,901-142-32-1,長野県,筑北村,第１８弾,36.4131944444444,138.008305555556,"001:花(397), 002:木(222), 003:鳥(123)"
21-203-G,902-143-20-7,岐阜県,高山市,第１８弾,36.0881111111111,137.350611111111,001:花(398)
23-235-A,903-144-46-1,愛知県,弥富市,第１８弾,35.1100277777778,136.724944444444,"001:花(399), 003:鳥(124), 019:キャラクター(248)"
26-209-B,904-123-18-2,京都府,長岡京市,第１８弾,34.9231944444444,135.701277777778,002:木(223)
27-383-A,905-124-54-1,大阪府,千早赤阪村,第１８弾,34.4647222222222,135.622527777778,"001:花(400), 002:木(224), 010:観光名所(187), 017:文学史(13), 028:山(96), 029:川(100)"
28-205-A,906-125-32-1,兵庫県,洲本市,第１８弾,34.3424166666667,134.8945,001:花(401)
28-207-D,907-126-33-4,兵庫県,伊丹市,第１８弾,34.7822777777778,135.417527777778,"009:名物品(103), 010:観光名所(188), 024:歴史的建造物(77)"
33-445-A,908-70-22-1,岡山県,里庄町,第１８弾,34.5186111111111,133.562333333333,"001:花(402), 019:キャラクター(249)"
34-100-B,909-71-17-2,広島県,広島市,第１８弾,34.396,132.474777777778,026:その他(26)
40-221-B,910-78-23-2,福岡県,太宰府市,第１８弾,33.5131111111111,130.502694444444,"015:スポーツ(36), 019:キャラクター(250)"
45-206-A,911-79-2-1,宮崎県,日向市,第１８弾,32.4223888888889,131.623611111111,001:花(403)
46-220-A,912-80-13-1,鹿児島県,南さつま市,第１８弾,31.4186111111111,130.321,"001:花(404), 005:動物(46), 014:イベント(31), 019:キャラクター(251), 023:橋梁(40), 029:川(101)"
47-205-A,913-81-12-1,沖縄県,宜野湾市,第１８弾,26.2701111111111,127.740138888889,025:幾何学模様(39)
47-313-A,914-82-13-1,沖縄県,宜野座村,第１８弾,26.4738055555556,127.953166666667,"010:観光名所(189), 027:海(101), 030:湖・沼(29)"
00-102-A,915-2-2-1,,,第１８弾,34.7946666666667,135.506694444444,024:歴史的建造物(78)
07-204-C,916-85-27-3,福島県,いわき市,第１９弾,36.946,140.90175,019:キャラクター(252)
08-220-B,917-241-24-2,茨城県,つくば市,第１９弾,36.1745277777778,140.095916666667,"010:観光名所(190), 019:キャラクター(253), 028:山(97)"
11-218-A,918-242-55-1,埼玉県,深谷市,第１９弾,36.1963333333333,139.280777777778,019:キャラクター(254)
11-225-B,919-243-56-2,埼玉県,入間市,第１９弾,35.8024444444444,139.366,"002:木(225), 009:名物品(104), 019:キャラクター(255)"
13-100-E,920-244-72-30,東京都,東京23区,第１９弾,35.7529444444444,139.595361111111,019:キャラクター(256)
13-214-B,921-245-73-2,東京都,国分寺市,第１９弾,35.6934166666667,139.472611111111,026:その他(27)
14-206-D,922-246-33-4,神奈川県,小田原市,第１９弾,35.2549166666667,139.155777777778,"001:花(405), 011:鉄道(17), 027:海(102)"
15-202-E,923-64-34-5,新潟県,長岡市,第１９弾,37.45975,139.008416666667,"014:イベント(32), 019:キャラクター(257), 023:橋梁(41), 029:川(102)"
19-430-B,924-145-9-2,山梨県,富士河口湖町,第１９弾,35.5100833333333,138.746111111111,"001:花(406), 002:木(226), 005:動物(47), 013:祭(48)"
20-208-B,925-146-33-2,長野県,小諸市,第１９弾,36.3277777777778,138.425611111111,"001:花(407), 002:木(227), 028:山(98), 029:川(103)"
20-219-A,926-147-34-1,長野県,東御市,第１９弾,36.35525,138.330194444444,"015:スポーツ(37), 016:偉人(13)"
21-213-A,927-148-21-1,岐阜県,各務原市,第１９弾,35.3871111111111,136.861916666667,012:乗物(64)
22-221-A,928-149-25-1,静岡県,湖西市,第１９弾,34.6938333333333,137.569388888889,"002:木(228), 003:鳥(125), 010:観光名所(191), 024:歴史的建造物(79), 027:海(103)"
22-461-A,929-150-26-1,静岡県,森町,第１９弾,34.8263333333333,137.91825,"001:花(408), 002:木(229), 007:果物(44), 009:名物品(105), 019:キャラクター(258), 029:川(104)"
23-204-B,930-151-47-2,愛知県,瀬戸市,第１９弾,35.2258888888889,137.101472222222,"001:花(409), 009:名物品(106), 020:広告宣伝(9), 025:幾何学模様(40)"
23-212-B,931-152-48-2,愛知県,安城市,第１９弾,34.9524722222222,137.09275,013:祭(49)
23-236-B,932-153-49-2,愛知県,みよし市,第１９弾,35.1263055555556,137.110388888889,"015:スポーツ(38), 019:キャラクター(259)"
26-208-B,933-127-19-2,京都府,向日市,第１９弾,34.9630833333333,135.694333333333,"001:花(410), 002:木(230), 010:観光名所(192)"
27-207-C,934-128-55-3,大阪府,高槻市,第１９弾,34.8441666666667,135.622083333333,"001:花(411), 022:お城(40)"
27-221-B,935-129-56-2,大阪府,柏原市,第１９弾,34.5794722222222,135.628333333333,"007:果物(45), 009:名物品(107)"
27-224-A,936-130-57-1,大阪府,摂津市,第１９弾,34.7652777777778,135.568888888889,"001:花(412), 011:鉄道(18), 019:キャラクター(260)"
28-215-B,937-131-34-2,兵庫県,三木市,第１９弾,34.8848333333333,135.121944444444,025:幾何学模様(41)
32-202-B,938-72-11-2,島根県,浜田市,第１９弾,34.8855277777778,132.264638888889,"001:花(413), 002:木(231), 004:魚(81), 005:動物(48), 019:キャラクター(261), 028:山(99), 029:川(105)"
33-209-A,939-73-23-1,岡山県,高梁市,第１９弾,34.7999166666667,133.618138888889,"005:動物(49), 010:観光名所(193), 022:お城(41)"
34-100-C,940-74-18-3,広島県,広島市,第１９弾,34.3910555555556,132.452777777778,"003:鳥(126), 025:幾何学模様(42)"
40-221-C,941-83-24-3,福岡県,太宰府市,第１９弾,33.5281111111111,130.549027777778,"005:動物(50), 019:キャラクター(262), 028:山(100)"
01-100-C,942-61-61-3,北海道,札幌市,第２０弾,43.0605555555556,141.351416666667,"010:観光名所(194), 019:キャラクター(263)"
07-481-A,943-86-28-1,福島県,棚倉町,第２０弾,37.0069166666667,140.389888888889,026:その他(28)
08-203-B,944-247-25-2,茨城県,土浦市,第２０弾,36.0785833333333,140.205416666667,019:キャラクター(264)
10-522-A,945-248-18-1,群馬県,明和町,第２０弾,36.2085277777778,139.526305555556,"001:花(414), 007:果物(46), 009:名物品(108), 025:幾何学模様(43)"
11-209-A,946-249-57-1,埼玉県,飯能市,第２０弾,35.8507777777778,139.318527777778,026:その他(29)
11-217-B,947-250-58-2,埼玉県,鴻巣市,第２０弾,36.0596388888889,139.510861111111,"001:花(415), 003:鳥(127)"
12-203-C,948-251-25-3,千葉県,市川市,第２０弾,35.6858888888889,139.916166666667,"010:観光名所(195), 012:乗物(65), 024:歴史的建造物(80)"
12-239-A,949-252-26-1,千葉県,大網白里市,第２０弾,35.5226666666667,140.311166666667,"001:花(416), 019:キャラクター(265), 020:広告宣伝(10)"
13-100-F,950-253-74-31,東京都,東京23区,第２０弾,35.7526944444444,139.737138888889,"001:花(417), 019:キャラクター(266)"
14-212-B,951-254-34-2,神奈川県,厚木市,第２０弾,35.4398333333333,139.364138888889,"001:花(418), 004:魚(82), 013:祭(50), 023:橋梁(42)"
17-463-C,952-65-8-3,石川県,能登町,第２０弾,37.3539722222222,137.244694444444,"010:観光名所(196), 027:海(104)"
20-203-B,953-154-35-2,長野県,上田市,第２０弾,36.4404166666667,138.307555555556,019:キャラクター(267)
21-203-H,954-155-22-8,岐阜県,高山市,第２０弾,36.1698055555556,137.309944444444,"001:花(419), 002:木(232), 003:鳥(128), 028:山(101)"
22-219-A,955-156-27-1,静岡県,下田市,第２０弾,34.6791388888889,138.944972222222,"012:乗物(66), 027:海(105)"
23-213-A,956-157-50-1,愛知県,西尾市,第２０弾,34.8628333333333,137.061916666667,002:木(233)
23-225-A,957-158-51-1,愛知県,知立市,第２０弾,35.0078888888889,137.041888888889,001:花(420)
26-210-A,958-132-20-1,京都府,八幡市,第２０弾,34.8861944444444,135.700972222222,026:その他(30)
27-202-C,959-133-58-3,大阪府,岸和田市,第２０弾,34.4705,135.39325,"001:花(421), 002:木(234), 019:キャラクター(268), 022:お城(42)"
27-231-B,960-134-59-2,大阪府,大阪狭山市,第２０弾,34.5162222222222,135.548166666667,"001:花(422), 002:木(235), 010:観光名所(197), 019:キャラクター(269), 030:湖・沼(30)"
28-228-B,961-135-35-2,兵庫県,加東市,第２０弾,34.8936666666667,134.956416666667,"009:名物品(109), 019:キャラクター(270)"
28-446-A,962-136-36-1,兵庫県,神河町,第２０弾,35.1166111111111,134.747361111111,"019:キャラクター(271), 025:幾何学模様(44)"
32-201-A,963-75-12-1,島根県,松江市,第２０弾,35.4788888888889,133.046222222222,"001:花(423), 010:観光名所(198), 019:キャラクター(272), 022:お城(43)"
34-100-D,964-76-19-4,広島県,広島市,第２０弾,34.3569166666667,132.463444444444,"003:鳥(129), 025:幾何学模様(45), 027:海(106)"
35-321-B,965-77-15-2,山口県,和木町,第２０弾,34.1951388888889,132.220888888889,"001:花(424), 002:木(236), 005:動物(51), 007:果物(47), 011:鉄道(19), 012:乗物(67)"
42-307-A,966-84-9-1,長崎県,長与町,第２０弾,32.8249166666667,129.874777777778,"007:果物(48), 019:キャラクター(273), 020:広告宣伝(11)"
44-201-B,967-85-6-2,大分県,大分市,第２０弾,33.2380555555556,131.606472222222,"003:鳥(130), 005:動物(52), 012:乗物(68), 018:おとぎ話(25), 027:海(107)"
46-203-A,968-86-14-1,鹿児島県,鹿屋市,第２０弾,31.3885555555556,130.850166666667,001:花(425)
23-202-G,969-159-52-7,愛知県,岡崎市,第２１弾,34.95325,137.167972222222,"001:花(426), 013:祭(51), 019:キャラクター(274), 022:お城(44)"
01-231-C,970-62-62-3,北海道,恵庭市,第２１弾,42.9021388888889,141.573527777778,"001:花(427), 005:動物(53), 008:野菜(21), 009:名物品(110)"
01-234-B,971-63-63-2,北海道,北広島市,第２１弾,42.9876944444444,141.550277777778,025:幾何学模様(46)
02-445-A,972-87-7-1,青森県,南部町,第２１弾,40.4132777777778,141.281861111111,"001:花(428), 013:祭(52)"
04-214-C,973-88-20-3,宮城県,東松島市,第２１弾,38.41925,141.210194444444,012:乗物(69)
07-213-A,974-89-29-1,福島県,伊達市,第２１弾,37.8464722222222,140.601805555556,"001:花(429), 002:木(237), 003:鳥(131), 007:果物(49), 009:名物品(111)"
08-203-C,975-255-26-3,茨城県,土浦市,第２１弾,36.0829166666667,140.200972222222,019:キャラクター(275)
08-230-A,976-256-27-1,茨城県,かすみがうら市,第２１弾,36.0710277777778,140.374944444444,"010:観光名所(199), 012:乗物(70), 019:キャラクター(276), 030:湖・沼(31)"
08-542-A,977-257-28-1,茨城県,五霞町,第２１弾,36.0988333333333,139.760194444444,"001:花(430), 019:キャラクター(277)"
10-525-B,978-258-19-2,群馬県,邑楽町,第２１弾,36.2517777777778,139.4625,"008:野菜(22), 009:名物品(112), 010:観光名所(200), 019:キャラクター(278)"
12-000-A,979-259-27-1,千葉県,流域下水道,第２１弾,35.6474166666667,140.031055555556,"004:魚(83), 008:野菜(23), 009:名物品(113), 012:乗物(71), 019:キャラクター(279), 020:広告宣伝(12)"
12-208-C,980-260-28-3,千葉県,野田市,第２１弾,36.0258055555556,139.820766666667,001:花(431)
12-423-A,981-261-29-1,千葉県,長生村,第２１弾,35.4046111111111,140.349166666667,"003:鳥(132), 005:動物(54), 025:幾何学模様(47), 027:海(108)"
13-205-B,982-262-75-2,東京都,青梅市,第２１弾,35.7863333333333,139.219222222222,"001:花(432), 002:木(238), 003:鳥(133)"
13-212-B,983-263-76-2,東京都,日野市,第２１弾,35.6621111111111,139.412833333333,"004:魚(84), 005:動物(55), 006:昆虫(16), 007:果物(50), 008:野菜(24), 009:名物品(114), 010:観光名所(201)"
14-201-C,984-264-35-3,神奈川県,横須賀市,第２１弾,35.2818888888889,139.663166666667,"003:鳥(134), 005:動物(56), 009:名物品(115), 021:富士山(21)"
14-364-A,985-265-36-1,神奈川県,山北町,第２１弾,35.3652222222222,139.094027777778,"001:花(433), 019:キャラクター(280)"
15-224-A,986-66-35-1,新潟県,佐渡市,第２１弾,38.0315,138.239527777778,"001:花(434), 010:観光名所(202), 028:山(102)"
15-227-B,987-67-36-2,新潟県,胎内市,第２１弾,38.0589166666667,139.410722222222,019:キャラクター(281)
19-204-A,988-160-10-1,山梨県,都留市,第２１弾,35.5516666666667,138.905472222222,"001:花(435), 002:木(239)"
19-206-A,989-161-11-1,山梨県,大月市,第２１弾,35.6123333333333,138.941944444444,"001:花(436), 004:魚(85), 010:観光名所(203), 021:富士山(22), 023:橋梁(43), 029:川(106)"
21-210-A,990-162-23-1,岐阜県,恵那市,第２１弾,35.4553888888889,137.408861111111,"002:木(240), 005:動物(57), 028:山(103)"
21-221-A,991-163-24-1,岐阜県,海津市,第２１弾,35.2630277777778,136.646472222222,"001:花(437), 002:木(241), 004:魚(86), 007:果物(51), 008:野菜(25), 009:名物品(116), 010:観光名所(204), 012:乗物(72), 019:キャラクター(282)"
22-130-B,992-164-28-2,静岡県,浜松市,第２１弾,34.7100833333333,137.727277777778,019:キャラクター(283)
23-214-A,993-165-53-1,愛知県,蒲郡市,第２１弾,34.8165277777778,137.233083333333,"003:鳥(135), 010:観光名所(205), 023:橋梁(44), 027:海(109)"
23-232-A,994-166-54-1,愛知県,愛西市,第２１弾,35.1533888888889,136.72775,"001:花(438), 019:キャラクター(284)"
25-201-B,995-137-9-2,滋賀県,大津市,第２１弾,35.0103055555556,135.869416666667,"009:名物品(117), 019:キャラクター(285)"
25-207-A,996-138-10-1,滋賀県,守山市,第２１弾,35.0581666666667,135.994305555556,"006:昆虫(17), 023:橋梁(45), 028:山(104), 030:湖・沼(32)"
27-208-B,997-139-60-2,大阪府,貝塚市,第２１弾,34.4385277777778,135.358333333333,"008:野菜(26), 009:名物品(118), 019:キャラクター(286)"
27-223-B,998-140-61-2,大阪府,門真市,第２１弾,34.7388611111111,135.587416666667,"008:野菜(27), 009:名物品(119), 018:おとぎ話(26), 019:キャラクター(287)"
34-208-A,999-78-20-1,広島県,府中市,第２１弾,34.5756388888889,133.233638888889,"009:名物品(120), 019:キャラクター(288)"
44-201-C,1000-87-7-3,大分県,大分市,第２１弾,33.2379444444444,131.60375,"005:動物(58), 007:果物(52), 008:野菜(28), 009:名物品(121), 018:おとぎ話(27), 027:海(110), 028:山(105)"
46-222-B,1001-88-15-2,鹿児島県,奄美市,第２１弾,28.3981111111111,129.494777777778,"004:魚(87), 005:動物(59), 027:海(111)"
47-205-B,1002-89-14-2,沖縄県,宜野湾市,第２１弾,26.2807222222222,127.736194444444,"012:乗物(73), 018:おとぎ話(28), 019:キャラクター(289), 027:海(112)"
13-203-A,1003-266-77-1,東京都,武蔵野市,第２２弾,35.7035277777778,139.580472222222,019:キャラクター(290)
01-206-C,1004-64-64-3,北海道,釧路市,第２２弾,42.8895833333333,143.932055555556,"001:花(439), 002:木(242)"
01-487-C,1005-65-65-3,北海道,天塩町,第２２弾,44.8764444444444,141.744544444444,"001:花(440), 009:名物品(122), 019:キャラクター(291), 028:山(106), 029:川(107)"
01-560-A,1006-66-66-1,北海道,滝上町,第２２弾,44.1982222222222,143.091111111111,"001:花(441), 005:動物(60), 019:キャラクター(292)"
03-206-A,1007-90-17-1,岩手県,北上市,第２２弾,39.2842222222222,141.120416666667,"001:花(442), 002:木(243), 003:鳥(136)"
03-482-A,1008-91-18-1,岩手県,山田町,第２２弾,39.4784444444444,141.953555555556,"004:魚(88), 009:名物品(123)"
04-209-C,1009-92-21-3,宮城県,多賀城市,第２２弾,38.3021111111111,140.988666666667,010:観光名所(206)
04-216-A,1010-93-22-1,宮城県,富谷市,第２２弾,38.3988888888889,140.8875,"002:木(244), 010:観光名所(207), 020:広告宣伝(13)"
05-203-A,1011-94-6-1,秋田県,横手市,第２２弾,39.3141666666667,140.567611111111,"001:花(443), 014:イベント(33), 022:お城(45)"
06-201-A,1012-95-13-1,山形県,山形市,第２２弾,38.1649166666667,140.395333333333,"001:花(444), 025:幾何学模様(48)"
08-203-D,1013-267-29-4,茨城県,土浦市,第２２弾,36.0856111111111,140.198305555556,"014:イベント(34), 019:キャラクター(293)"
08-219-A,1014-268-30-1,茨城県,牛久市,第２２弾,35.9768333333333,140.146555555556,"005:動物(61), 008:野菜(29), 010:観光名所(208), 018:おとぎ話(29), 019:キャラクター(294), 030:湖・沼(33)"
11-100-B,1015-269-59-2,埼玉県,さいたま市,第２２弾,35.8849166666667,139.638138888889,"001:花(445), 002:木(245)"
11-238-A,1016-270-60-1,埼玉県,蓮田市,第２２弾,35.9814166666667,139.652694444444,"001:花(446), 019:キャラクター(295), 025:幾何学模様(49)"
11-343-A,1017-271-61-1,埼玉県,小川町,第２２弾,36.0574444444444,139.261611111111,"009:名物品(124), 019:キャラクター(296)"
12-212-B,1018-272-30-2,千葉県,佐倉市,第２２弾,35.7403055555556,140.202694444444,"001:花(447), 005:動物(62), 010:観光名所(209)"
13-100-G,1019-273-78-32,東京都,東京23区,第２２弾,35.6554166666667,139.736805555556,019:キャラクター(297)
13-100-H,1020-274-79-33,東京都,東京23区,第２２弾,35.7668888888889,139.709388888889,"015:スポーツ(39), 019:キャラクター(298)"
13-100-I,1021-275-80-34,東京都,東京23区,第２２弾,35.7521388888889,139.710833333333,"016:偉人(14), 019:キャラクター(299)"
14-206-E,1022-276-37-5,神奈川県,小田原市,第２２弾,35.2543611111111,139.15575,"010:観光名所(210), 012:乗物(74), 015:スポーツ(40), 016:偉人(15), 019:キャラクター(300), 022:お城(46)"
15-202-F,1023-68-37-6,新潟県,長岡市,第２２弾,37.4473333333333,138.850833333333,"001:花(448), 010:観光名所(211), 014:イベント(35), 015:スポーツ(41), 023:橋梁(46), 029:川(108)"
15-224-B,1024-69-38-2,新潟県,佐渡市,第２２弾,38.0230833333333,138.365222222222,"001:花(449), 028:山(107)"
18-206-B,1025-70-9-2,福井県,勝山市,第２２弾,36.0602222222222,136.501861111111,005:動物(63)
20-361-B,1026-167-36-2,長野県,下諏訪町,第２２弾,36.0748055555556,138.088361111111,"010:観光名所(212), 019:キャラクター(301), 024:歴史的建造物(81)"
20-403-B,1027-168-37-2,長野県,高森町,第２２弾,35.5522222222222,137.879027777778,"010:観光名所(213), 019:キャラクター(302), 028:山(108), 029:川(109)"
20-541-A,1028-169-38-1,長野県,小布施町,第２２弾,36.6957222222222,138.317388888889,026:その他(31)
21-203-I,1029-170-25-9,岐阜県,高山市,第２２弾,35.9408611111111,137.082472222222,"003:鳥(137), 029:川(110)"
28-215-C,1030-141-37-3,兵庫県,三木市,第２２弾,34.7848055555556,134.976138888889,"015:スポーツ(42), 019:キャラクター(303)"
34-100-E,1031-79-21-5,広島県,広島市,第２２弾,34.3944722222222,132.474027777778,"012:乗物(75), 022:お城(47)"
35-203-D,1032-80-16-4,山口県,山口市,第２２弾,34.00825,131.363916666667,"001:花(450), 025:幾何学模様(50)"
37-203-A,1033-44-16-1,香川県,坂出市,第２２弾,34.3132222222222,133.853722222222,"001:花(451), 002:木(246), 023:橋梁(47), 024:歴史的建造物(82), 027:海(113)"
41-401-A,1034-90-9-1,佐賀県,有田町,第２２弾,33.1914166666667,129.899722222222,"010:観光名所(214), 019:キャラクター(304)"
46-218-C,1035-91-16-3,鹿児島県,霧島市,第２２弾,31.7406944444444,130.737527777778,019:キャラクター(305)
01-204-B,1036-67-67-2,北海道,旭川市,第２３弾,43.7622777777778,142.359194444444,005:動物(64)
01-220-A,1037-68-68-1,北海道,士別市,第２３弾,44.17625,142.392527777778,"001:花(452), 019:キャラクター(306)"
01-555-A,1038-69-69-1,北海道,遠軽町,第２３弾,44.0591944444444,143.521166666667,"010:観光名所(215), 019:キャラクター(307)"
02-208-A,1039-96-8-1,青森県,むつ市,第２３弾,41.2566111111111,141.139,"010:観光名所(216), 019:キャラクター(308)"
03-201-B,1040-97-19-2,岩手県,盛岡市,第２３弾,39.7009722222222,141.147527777778,"001:花(453), 002:木(247), 010:観光名所(217), 022:お城(48), 023:橋梁(48), 028:山(109), 029:川(111)"
04-207-B,1041-98-23-2,宮城県,名取市,第２３弾,38.1654722222222,140.896222222222,019:キャラクター(309)
07-207-B,1042-99-30-2,福島県,須賀川市,第２３弾,37.2854722222222,140.375638888889,"001:花(454), 002:木(248), 008:野菜(30), 017:文学史(14)"
08-203-E,1043-277-31-5,茨城県,土浦市,第２３弾,36.0760833333333,140.202083333333,"001:花(455), 010:観光名所(218), 019:キャラクター(310)"
08-204-A,1044-278-32-1,茨城県,古河市,第２３弾,36.1973611111111,139.704638888889,"012:乗物(76), 014:イベント(36), 023:橋梁(49), 029:川(112)"
08-208-B,1045-279-33-2,茨城県,龍ケ崎市,第２３弾,35.9298888888889,140.138611111111,"001:花(456), 002:木(249), 003:鳥(138), 019:キャラクター(311), 030:湖・沼(34)"
09-201-C,1046-280-20-3,栃木県,宇都宮市,第２３弾,36.5475,139.983333333333,"010:観光名所(219), 011:鉄道(20)"
09-301-A,1047-281-21-1,栃木県,上三川町,第２３弾,36.4366111111111,139.909888888889,"009:名物品(125), 025:幾何学模様(51)"
11-210-A,1048-282-62-1,埼玉県,加須市,第２３弾,36.1256666666667,139.597722222222,009:名物品(126)
11-218-B,1049-283-63-2,埼玉県,深谷市,第２３弾,36.1923055555555,139.281083333333,016:偉人(16)
11-224-B,1050-284-64-2,埼玉県,戸田市,第２３弾,35.8178611111111,139.669055555556,"001:花(457), 002:木(250), 019:キャラクター(312)"
12-203-D,1051-285-31-4,千葉県,市川市,第２３弾,35.7291666666667,139.906388888889,"001:花(458), 002:木(251), 004:魚(89), 014:イベント(37), 023:橋梁(50), 029:川(113)"
14-218-A,1052-286-38-1,神奈川県,綾瀬市,第２３弾,35.43675,139.427694444444,"001:花(459), 010:観光名所(220)"
15-224-C,1053-71-39-3,新潟県,佐渡市,第２３弾,37.8168611111111,138.281444444444,"001:花(460), 012:乗物(77), 027:海(114)"
16-206-A,1054-72-16-1,富山県,滑川市,第２３弾,36.7686944444444,137.34475,"004:魚(90), 009:名物品(127), 012:乗物(78), 027:海(115), 028:山(110)"
17-201-A,1055-73-9-1,石川県,金沢市,第２３弾,36.5663333333333,136.65375,"009:名物品(128), 025:幾何学模様(52)"
20-000-D,1056-171-39-4,長野県,流域下水道,第２３弾,36.3147777777778,137.921222222222,019:キャラクター(313)
20-361-C,1057-172-40-3,長野県,下諏訪町,第２３弾,36.0811388888889,138.081138888889,"010:観光名所(221), 019:キャラクター(314), 024:歴史的建造物(83)"
23-211-C,1058-173-55-3,愛知県,豊田市,第２３弾,35.0872777777778,137.157083333333,"015:スポーツ(43), 019:キャラクター(315)"
23-216-A,1059-174-56-1,愛知県,常滑市,第２３弾,34.8864722222222,136.840027777778,"001:花(461), 025:幾何学模様(53)"
24-204-C,1060-175-15-3,三重県,松阪市,第２３弾,34.5781666666667,136.522111111111,019:キャラクター(316)
25-206-C,1061-142-11-3,滋賀県,草津市,第２３弾,35.0737222222222,135.933527777778,014:イベント(38)
25-209-A,1062-143-12-1,滋賀県,甲賀市,第２３弾,34.8999722222222,136.229611111111,"001:花(462), 009:名物品(129)"
26-212-B,1063-144-21-2,京都府,京丹後市,第２３弾,35.6635833333333,134.96625,"009:名物品(130), 010:観光名所(222), 019:キャラクター(317), 027:海(116)"
26-322-A,1064-145-22-1,京都府,久御山町,第２３弾,34.8918333333333,135.747138888889,"001:花(463), 019:キャラクター(318)"
27-221-C,1065-146-62-3,大阪府,柏原市,第２３弾,34.5888888888889,135.623388888889,"007:果物(53), 009:名物品(131), 019:キャラクター(319)"
28-464-A,1066-147-38-1,兵庫県,太子町,第２３弾,34.8400555555556,134.589111111111,001:花(464)
29-205-B,1067-148-10-2,奈良県,橿原市,第２３弾,34.4835,135.793527777778,"010:観光名所(223), 019:キャラクター(320), 024:歴史的建造物(84)"
33-207-A,1068-81-24-1,岡山県,井原市,第２３弾,34.6721666666667,133.544777777778,"010:観光名所(224), 019:キャラクター(321)"
34-100-F,1069-82-22-6,広島県,広島市,第２３弾,34.399,132.460527777778,004:魚(91)
35-208-B,1070-83-17-2,山口県,岩国市,第２３弾,34.1725833333333,132.224666666667,"010:観光名所(225), 012:乗物(79), 023:橋梁(51)"
35-212-A,1071-84-18-1,山口県,柳井市,第２３弾,33.9692222222222,132.109361111111,"010:観光名所(226), 024:歴史的建造物(85)"
36-202-B,1072-45-5-2,徳島県,鳴門市,第２３弾,34.1795277777778,134.608916666667,"010:観光名所(227), 023:橋梁(52), 027:海(117)"
36-388-A,1073-46-6-1,徳島県,海陽町,第２３弾,33.5689166666667,134.307194444444,011:鉄道(21)
38-213-B,1074-47-16-2,愛媛県,四国中央市,第２３弾,34.0145555555556,133.574333333333,014:イベント(39)
38-442-A,1075-48-17-1,愛媛県,伊方町,第２３弾,33.4885277777778,132.354,"010:観光名所(228), 019:キャラクター(322), 024:歴史的建造物(86), 027:海(118)"
46-208-A,1076-92-17-1,鹿児島県,出水市,第２３弾,32.0979722222222,130.344194444444,"003:鳥(139), 010:観光名所(229), 019:キャラクター(323)"
16-201-H,1077-74-17-8,富山県,富山市,第２４弾,36.7112222222222,137.2125,019:キャラクター(324)
03-210-A,1078-100-20-1,岩手県,陸前高田市,第２４弾,39.0091666666667,141.615472222222,"001:花(465), 002:木(252), 024:歴史的建造物(87)"
04-424-B,1079-101-24-2,宮城県,大衡村,第２４弾,38.467,140.879277777778,"001:花(466), 002:木(253), 003:鳥(140), 019:キャラクター(325)"
07-000-B,1080-102-31-2,福島県,流域下水道,第２４弾,37.8670555555556,140.575,"002:木(254), 025:幾何学模様(54)"
07-303-A,1081-103-32-1,福島県,国見町,第２４弾,37.8728333333333,140.546916666667,"001:花(467), 002:木(255)"
08-203-F,1082-287-34-6,茨城県,土浦市,第２４弾,36.0858611111111,140.197944444444,"008:野菜(31), 009:名物品(132)"
08-231-B,1083-288-35-2,茨城県,桜川市,第２４弾,36.2784166666667,140.091738888889,"001:花(468), 002:木(256), 028:山(111), 029:川(114)"
10-204-A,1084-289-20-1,群馬県,伊勢崎市,第２４弾,36.3258055555556,139.193583333333,"001:花(469), 019:キャラクター(326)"
11-341-A,1085-290-65-1,埼玉県,滑川町,第２４弾,36.0435555555556,139.344833333333,019:キャラクター(327)
12-213-A,1086-291-32-1,千葉県,東金市,第２４弾,35.5766666666667,140.383944444444,"001:花(470), 002:木(257), 007:果物(54), 008:野菜(32), 009:名物品(133), 019:キャラクター(328)"
12-216-B,1087-292-33-2,千葉県,習志野市,第２４弾,35.6811666666667,140.026388888889,"001:花(471), 003:鳥(141), 030:湖・沼(35)"
13-100-J,1088-293-81-35,東京都,東京23区,第２４弾,35.7850555555556,139.728638888889,001:花(472)
13-203-B,1089-294-82-2,東京都,武蔵野市,第２４弾,35.7025277777778,139.544055555556,019:キャラクター(329)
13-207-B,1090-295-83-2,東京都,昭島市,第２４弾,35.7111388888889,139.369305555556,"019:キャラクター(330), 025:幾何学模様(55)"
13-214-C,1091-296-84-3,東京都,国分寺市,第２４弾,35.6962777777778,139.469333333333,"003:鳥(142), 008:野菜(33), 009:名物品(134), 010:観光名所(230), 011:鉄道(22), 024:歴史的建造物(88)"
14-212-C,1092-297-39-3,神奈川県,厚木市,第２４弾,35.4403333333333,139.364666666667,"004:魚(92), 013:祭(53), 023:橋梁(53), 029:川(115)"
15-224-D,1093-75-40-4,新潟県,佐渡市,第２４弾,37.9896388888889,138.396722222222,"001:花(473), 027:海(119)"
19-430-C,1094-176-12-3,山梨県,富士河口湖町,第２４弾,35.5043888888889,138.661666666667,"004:魚(93), 010:観光名所(231), 021:富士山(23), 030:湖・沼(36), 031:世界遺産(20)"
20-217-D,1095-177-41-4,長野県,佐久市,第２４弾,36.2774722222222,138.465944444444,019:キャラクター(331)
21-210-B,1096-178-26-2,岐阜県,恵那市,第２４弾,35.3687777777778,137.434444444444,"001:花(474), 002:木(258), 022:お城(49)"
21-219-D,1097-179-27-4,岐阜県,郡上市,第２４弾,35.6690555555556,136.913277777778,"001:花(475), 002:木(259), 004:魚(94), 029:川(116)"
22-342-B,1098-180-29-2,静岡県,長泉町,第２４弾,35.1393333333333,138.896333333333,"001:花(476), 002:木(260), 021:富士山(24), 025:幾何学模様(56), 029:川(117), 031:世界遺産(21)"
24-204-D,1099-181-16-4,三重県,松阪市,第２４弾,34.6441666666667,136.510444444444,"016:偉人(17), 019:キャラクター(332), 025:幾何学模様(57)"
24-215-A,1100-182-17-1,三重県,志摩市,第２４弾,34.3646944444444,136.906666666667,"003:鳥(143), 010:観光名所(232), 024:歴史的建造物(89), 027:海(120)"
25-204-A,1101-149-13-1,滋賀県,近江八幡市,第２４弾,35.1391666666667,136.089416666667,"001:花(477), 010:観光名所(233), 024:歴史的建造物(90), 028:山(112), 029:川(118)"
33-215-B,1102-85-25-2,岡山県,美作市,第２４弾,35.0024166666667,134.133666666667,015:スポーツ(44)
33-622-A,1103-86-26-1,岡山県,勝央町,第２４弾,35.0360277777778,134.118944444444,"007:果物(55), 009:名物品(135), 010:観光名所(234), 019:キャラクター(333), 024:歴史的建造物(91)"
34-100-G,1104-87-23-7,広島県,広島市,第２４弾,34.4092777777778,132.450472222222,012:乗物(80)
34-307-A,1105-88-24-1,広島県,熊野町,第２４弾,34.3365,132.584,"009:名物品(136), 019:キャラクター(334)"
36-205-A,1106-49-7-1,徳島県,吉野川市,第２４弾,34.07325,134.356388888889,"001:花(478), 002:木(261), 003:鳥(144), 019:キャラクター(335)"
37-202-D,1107-50-17-4,香川県,丸亀市,第２４弾,34.2916388888889,133.770166666667,"009:名物品(137), 010:観光名所(235), 018:おとぎ話(30), 019:キャラクター(336), 022:お城(50)"
38-202-B,1108-51-18-2,愛媛県,今治市,第２４弾,34.0666944444445,132.99825,025:幾何学模様(58)
43-100-C,1109-93-11-3,熊本県,熊本市,第２４弾,32.8382777777778,130.801222222222,"005:動物(65), 015:スポーツ(45)"
43-100-D,1110-94-12-4,熊本県,熊本市,第２４弾,32.8134444444444,130.700944444444,015:スポーツ(46)
43-100-E,1111-95-13-5,熊本県,熊本市,第２４弾,32.78575,130.736861111111,"015:スポーツ(47), 019:キャラクター(337)"
43-100-F,1112-96-14-6,熊本県,熊本市,第２４弾,32.8070833333333,130.698861111111,"001:花(479), 015:スポーツ(48), 019:キャラクター(338)"
45-201-B,1113-97-3-2,宮崎県,宮崎市,第２４弾,31.9164166666667,131.4235,019:キャラクター(339)
13-100-K,1114-298-85-36,東京都,東京23区,第２４弾,35.6983611111111,139.622222222222,"010:観光名所(236), 019:キャラクター(340), 024:歴史的建造物(92)"
01-235-B,1115-70-70-2,北海道,石狩市,第２５弾,43.2439722222222,141.350944444444,"001:花(480), 004:魚(95), 009:名物品(138), 010:観光名所(237), 023:橋梁(54), 027:海(121)"
01-635-A,1116-71-71-1,北海道,新得町,第２５弾,43.0826388888889,142.832694444444,"001:花(481), 011:鉄道(23)"
02-445-B,1117-104-9-2,青森県,南部町,第２５弾,40.4245555555555,141.331166666667,"007:果物(56), 019:キャラクター(341)"
04-422-A,1118-105-25-1,宮城県,大郷町,第２５弾,38.4240277777778,140.992666666667,"006:昆虫(18), 016:偉人(18), 019:キャラクター(342)"
06-201-B,1119-106-14-2,山形県,山形市,第２５弾,38.2550833333333,140.331555555556,"001:花(482), 002:木(262), 010:観光名所(238), 016:偉人(19), 022:お城(51)"
07-204-D,1120-107-33-4,福島県,いわき市,第２５弾,37.0119166666667,140.848388888889,019:キャラクター(343)
08-203-G,1121-299-36-7,茨城県,土浦市,第２５弾,36.0790277777778,140.204,"010:観光名所(239), 012:乗物(81), 019:キャラクター(344), 030:湖・沼(37)"
09-215-A,1122-300-22-1,栃木県,那須烏山市,第２５弾,36.6503888888889,140.154638888889,011:鉄道(24)
12-217-B,1123-301-34-2,千葉県,柏市,第２５弾,35.8631111111111,139.970388888889,"019:キャラクター(345), 020:広告宣伝(14)"
13-100-L,1124-302-86-37,東京都,東京23区,第２５弾,35.7000277777778,139.815027777778,019:キャラクター(346)
13-100-M,1125-303-87-38,東京都,東京23区,第２５弾,35.7911944444444,139.692055555556,001:花(483)
13-208-B,1126-304-88-2,東京都,調布市,第２５弾,35.6581111111111,139.531194444444,026:その他(32)
14-206-F,1127-305-40-6,神奈川県,小田原市,第２５弾,35.2458333333333,139.14425,"002:木(263), 010:観光名所(240), 024:歴史的建造物(93)"
15-224-E,1128-76-41-5,新潟県,佐渡市,第２５弾,37.8660555555556,138.41075,"012:乗物(82), 024:歴史的建造物(94), 025:幾何学模様(59), 027:海(122)"
17-461-A,1129-77-10-1,石川県,穴水町,第２５弾,37.2451388888889,136.895111111111,"012:乗物(83), 025:幾何学模様(60), 027:海(123)"
20-203-C,1130-183-42-3,長野県,上田市,第２５弾,36.2837222222222,138.230638888889,"001:花(484), 010:観光名所(241), 024:歴史的建造物(95)"
20-541-B,1131-184-43-2,長野県,小布施町,第２５弾,36.6963333333333,138.317388888889,"003:鳥(145), 007:果物(57), 009:名物品(139), 018:おとぎ話(31)"
23-501-A,1132-185-57-1,愛知県,幸田町,第２５弾,34.8643611111111,137.165305555556,"001:花(485), 007:果物(58), 009:名物品(140), 019:キャラクター(347)"
24-204-E,1133-186-18-5,三重県,松阪市,第２５弾,34.5783055555556,136.522,025:幾何学模様(61)
25-208-B,1134-150-14-2,滋賀県,栗東市,第２５弾,35.0225277777778,136.008722222222,"005:動物(66), 019:キャラクター(348), 025:幾何学模様(62)"
25-213-A,1135-151-15-1,滋賀県,東近江市,第２５弾,35.1142777777778,136.194833333333,014:イベント(40)
28-213-B,1136-152-39-2,兵庫県,西脇市,第２５弾,35.0527777777778,134.996166666667,"001:花(486), 002:木(264)"
28-220-B,1137-153-40-2,兵庫県,加西市,第２５弾,34.9292777777778,134.832916666667,"011:鉄道(25), 012:乗物(84), 019:キャラクター(349)"
28-229-B,1138-154-41-2,兵庫県,たつの市,第２５弾,34.8676666666667,134.546305555556,"001:花(487), 010:観光名所(242), 019:キャラクター(350), 024:歴史的建造物(96), 028:山(113)"
32-526-A,1139-89-13-1,島根県,西ノ島町,第２５弾,36.091,133.014027777778,"004:魚(96), 009:名物品(141), 027:海(124)"
33-622-B,1140-90-27-2,岡山県,勝央町,第２５弾,35.0374166666667,134.134277777778,"001:花(488), 005:動物(67), 010:観光名所(243), 019:キャラクター(351)"
35-213-A,1141-91-19-1,山口県,美祢市,第２５弾,34.2235277777778,131.307111111111,"001:花(489), 004:魚(97), 007:果物(59), 009:名物品(142)"
35-216-B,1142-92-20-2,山口県,山陽小野田市,第２５弾,33.9873333333333,131.168027777778,"015:スポーツ(49), 019:キャラクター(352)"
39-212-A,1143-52-10-1,高知県,香美市,第２５弾,33.6037777777778,133.743944444444,"001:花(490), 019:キャラクター(353)"
40-207-A,1144-98-25-1,福岡県,柳川市,第２５弾,33.1649166666667,130.420305555556,"002:木(265), 010:観光名所(244), 012:乗物(85)"
43-100-G,1145-99-15-7,熊本県,熊本市,第２５弾,32.7991388888889,130.704861111111,"005:動物(68), 015:スポーツ(50)"
43-100-H,1146-100-16-8,熊本県,熊本市,第２５弾,32.7994166666667,130.704888888889,015:スポーツ(51)
43-100-I,1147-101-17-9,熊本県,熊本市,第２５弾,32.8003055555556,130.705055555556,"015:スポーツ(52), 019:キャラクター(354)"
43-100-J,1148-102-18-10,熊本県,熊本市,第２５弾,32.8011944444444,130.705222222222,"001:花(491), 002:木(266), 015:スポーツ(53), 019:キャラクター(355)"
43-443-A,1149-103-19-1,熊本県,益城町,第２５弾,32.7808055555556,130.793694444444,019:キャラクター(356)
44-202-A,1150-104-8-1,大分県,別府市,第２５弾,33.2793055555556,131.504444444444,"001:花(492), 010:観光名所(245), 016:偉人(20), 028:山(114)"
45-205-A,1151-105-4-1,宮崎県,小林市,第２５弾,31.9911111111111,130.976194444444,"001:花(493), 006:昆虫(19), 010:観光名所(246)"
27-211-B,1152-155-63-2,大阪府,茨木市,第２５弾,34.8761111111111,135.554916666667,"010:観光名所(247), 014:イベント(41), 023:橋梁(55), 029:川(119)"
03-216-B,1153-108-21-2,岩手県,滝沢市,第２６弾,39.7345,141.075444444444,"005:動物(69), 013:祭(54), 019:キャラクター(357), 024:歴史的建造物(97)"
04-000-D,1154-109-26-4,宮城県,流域下水道,第２６弾,38.2891666666667,141.030638888889,"001:花(494), 019:キャラクター(358)"
04-207-C,1155-110-27-3,宮城県,名取市,第２６弾,38.1373333333333,140.928833333333,"001:花(495), 019:キャラクター(359)"
07-207-C,1156-111-34-3,福島県,須賀川市,第２６弾,37.30075,140.37125,"012:乗物(86), 019:キャラクター(360), 020:広告宣伝(15)"
07-214-B,1157-112-35-2,福島県,本宮市,第２６弾,37.5137777777778,140.399111111111,"001:花(496), 010:観光名所(248), 019:キャラクター(361)"
08-203-H,1158-306-37-8,茨城県,土浦市,第２６弾,36.0828888888889,140.200833333333,019:キャラクター(362)
09-201-D,1159-307-23-4,栃木県,宇都宮市,第２６弾,36.5581944444444,139.909416666667,"016:偉人(21), 017:文学史(15)"
09-215-B,1160-308-24-2,栃木県,那須烏山市,第２６弾,36.65475,140.155916666667,"004:魚(98), 011:鉄道(26), 012:乗物(87)"
11-210-B,1161-309-66-2,埼玉県,加須市,第２６弾,36.1041388888889,139.584111111111,"001:花(497), 002:木(267), 007:果物(60), 009:名物品(143), 010:観光名所(249), 022:お城(52)"
11-218-C,1162-310-67-3,埼玉県,深谷市,第２６弾,36.1941666666667,139.280944444444,"005:動物(70), 016:偉人(22), 019:キャラクター(363)"
12-222-B,1163-311-35-2,千葉県,我孫子市,第２６弾,35.8714444444444,140.011,003:鳥(146)
12-227-B,1164-312-36-2,千葉県,浦安市,第２６弾,35.6548333333333,139.902444444444,"010:観光名所(250), 011:鉄道(27), 012:乗物(88), 014:イベント(42), 019:キャラクター(364), 023:橋梁(56), 029:川(120)"
12-230-A,1165-313-37-1,千葉県,八街市,第２６弾,35.6634722222222,140.3175,"001:花(498), 002:木(268), 019:キャラクター(365)"
12-423-B,1166-314-38-2,千葉県,長生村,第２６弾,35.4119166666667,140.3545,"019:キャラクター(366), 025:幾何学模様(63)"
13-100-N,1167-315-89-39,東京都,東京23区,第２６弾,35.7756666666667,139.716472222222,"001:花(499), 002:木(269)"
13-214-D,1168-316-90-4,東京都,国分寺市,第２６弾,35.7028333333333,139.44425,"011:鉄道(28), 025:幾何学模様(64)"
14-201-D,1169-317-41-4,神奈川県,横須賀市,第２６弾,35.2576944444444,139.662027777778,001:花(500)
14-207-B,1170-318-42-2,神奈川県,茅ヶ崎市,第２６弾,35.3206111111111,139.378305555556,027:海(125)
15-224-F,1171-78-42-6,新潟県,佐渡市,第２６弾,38.0160833333333,138.420972222222,"003:鳥(147), 028:山(115)"
18-501-A,1172-79-10-1,福井県,若狭町,第２６弾,35.5592222222222,135.895694444444,"001:花(501), 004:魚(99), 009:名物品(144), 010:観光名所(251), 012:乗物(89), 019:キャラクター(367), 024:歴史的建造物(98), 027:海(126), 029:川(121), 030:湖・沼(38)"
19-208-B,1173-187-13-2,山梨県,南アルプス市,第２６弾,35.6134722222222,138.482611111111,"001:花(502), 003:鳥(148), 007:果物(61), 009:名物品(145), 028:山(116)"
20-208-C,1174-188-44-3,長野県,小諸市,第２６弾,36.3276944444444,138.421138888889,"001:花(503), 010:観光名所(252), 019:キャラクター(368), 024:歴史的建造物(99)"
20-321-A,1175-189-45-1,長野県,軽井沢町,第２６弾,36.3435,138.634944444444,024:歴史的建造物(100)
23-361-A,1176-190-58-1,愛知県,大口町,第２６弾,35.3313611111111,136.907833333333,"001:花(504), 025:幾何学模様(65)"
24-210-B,1177-191-19-2,三重県,亀山市,第２６弾,34.85475,136.391138888889,"001:花(505), 010:観光名所(253), 022:お城(53)"
25-210-A,1178-156-16-1,滋賀県,野洲市,第２６弾,35.0656666666667,136.033916666667,"001:花(506), 023:橋梁(57), 028:山(117), 029:川(122)"
25-213-B,1179-157-17-2,滋賀県,東近江市,第２６弾,35.1139444444444,136.200638888889,"013:祭(55), 019:キャラクター(369)"
26-407-A,1180-158-23-1,京都府,京丹波町,第２６弾,35.1540833333333,135.427527777778,"001:花(507), 004:魚(100), 005:動物(71), 007:果物(62), 008:野菜(34), 009:名物品(146), 012:乗物(90), 015:スポーツ(54)"
27-100-D,1181-159-64-4,大阪府,大阪市,第２６弾,34.6506944444444,135.505666666667,019:キャラクター(370)
28-100-C,1182-160-42-3,兵庫県,神戸市,第２６弾,34.6297777777778,135.05175,"010:観光名所(254), 019:キャラクター(371), 024:歴史的建造物(101), 027:海(127)"
35-215-A,1183-93-21-1,山口県,周南市,第２６弾,34.0512777777778,131.803527777778,"010:観光名所(255), 025:幾何学模様(66)"
36-201-A,1184-53-8-1,徳島県,徳島市,第２６弾,34.0703888888889,134.546555555556,"001:花(508), 019:キャラクター(372), 029:川(123)"
38-202-C,1185-54-19-3,愛媛県,今治市,第２６弾,34.0418888888889,132.95775,015:スポーツ(55)
38-205-B,1186-55-20-2,愛媛県,新居浜市,第２６弾,33.9480277777778,133.293694444444,013:祭(56)
39-204-A,1187-56-11-1,高知県,南国市,第２６弾,33.57675,133.646,"001:花(509), 019:キャラクター(373)"
39-212-B,1188-57-12-2,高知県,香美市,第２６弾,33.6070833333333,133.685138888889,"001:花(510), 019:キャラクター(374)"
44-201-D,1189-106-9-4,大分県,大分市,第２６弾,33.2348055555556,131.607722222222,"015:スポーツ(56), 019:キャラクター(375)"
47-308-A,1190-107-15-1,沖縄県,本部町,第２６弾,26.6555833333333,127.883055555556,"001:花(511), 003:鳥(149), 004:魚(101), 006:昆虫(20), 023:橋梁(58), 027:海(128)"
28-381-A,1191-161-43-1,兵庫県,稲美町,第２６弾,34.7341388888889,134.909611111111,001:花(512)
14-205-B,1192-319-43-2,神奈川県,藤沢市,第２６弾,35.3460555555556,139.486638888889,"010:観光名所(256), 016:偉人(23), 023:橋梁(59), 024:歴史的建造物(102), 029:川(124)"
01-633-A,1193-72-72-1,北海道,上士幌町,第２７弾,43.2251388888889,143.290694444444,"001:花(513), 005:動物(72), 012:乗物(91)"
03-202-C,1194-113-22-3,岩手県,宮古市,第２７弾,39.6292777777778,141.838611111111,"001:花(514), 007:果物(63)"
03-210-B,1195-114-23-2,岩手県,陸前高田市,第２７弾,39.0110555555556,141.638194444444,"015:スポーツ(57), 019:キャラクター(376)"
04-404-B,1196-115-28-2,宮城県,七ヶ浜町,第２７弾,38.2986666666667,141.068,015:スポーツ(58)
05-211-A,1197-116-7-1,秋田県,潟上市,第２７弾,39.8556111111111,140.009944444444,"002:木(270), 010:観光名所(257), 027:海(129)"
06-202-A,1198-117-15-1,山形県,米沢市,第２７弾,37.9115,140.11075,019:キャラクター(377)
08-000-A,1199-320-38-1,茨城県,流域下水道,第２７弾,36.3323888888889,140.593611111111,"004:魚(102), 010:観光名所(258), 020:広告宣伝(16)"
08-203-I,1200-321-39-9,茨城県,土浦市,第２７弾,36.0769166666667,140.202611111111,019:キャラクター(378)
11-442-B,1201-322-68-2,埼玉県,宮代町,第２７弾,36.0222777777778,139.723916666667,"005:動物(73), 012:乗物(92)"
12-409-A,1202-323-39-1,千葉県,芝山町,第２７弾,35.6957222222222,140.410138888889,019:キャラクター(379)
13-214-E,1203-324-91-5,東京都,国分寺市,第２７弾,35.7018055555556,139.480833333333,026:その他(33)
13-305-A,1204-325-92-1,東京都,日の出町,第２７弾,35.7424444444444,139.2575,"013:祭(57), 019:キャラクター(380)"
14-301-B,1205-326-44-2,神奈川県,葉山町,第２７弾,35.2676388888889,139.570333333333,"010:観光名所(259), 021:富士山(25), 027:海(130)"
15-224-G,1206-80-43-7,新潟県,佐渡市,第２７弾,37.9855277777778,138.345444444444,"001:花(515), 002:木(271), 010:観光名所(260), 027:海(131)"
19-201-C,1207-192-14-3,山梨県,甲府市,第２７弾,35.6658055555556,138.568305555556,"016:偉人(24), 019:キャラクター(381)"
19-204-B,1208-193-15-2,山梨県,都留市,第２７弾,35.5828611111111,138.931333333333,"008:野菜(35), 009:名物品(147), 010:観光名所(261), 011:鉄道(29), 019:キャラクター(382)"
20-000-E,1209-194-46-5,長野県,流域下水道,第２７弾,36.7077777777778,138.287361111111,005:動物(74)
22-220-A,1210-195-30-1,静岡県,裾野市,第２７弾,35.1713888888889,138.906805555556,019:キャラクター(383)
23-216-B,1211-196-59-2,愛知県,常滑市,第２７弾,34.8801666666667,136.828194444444,"010:観光名所(262), 012:乗物(93), 019:キャラクター(384)"
25-209-B,1212-162-18-2,滋賀県,甲賀市,第２７弾,34.9704722222222,136.172111111111,"001:花(516), 013:祭(58)"
25-213-C,1213-163-19-3,滋賀県,東近江市,第２７弾,35.1140555555556,136.19975,"001:花(517), 002:木(272), 011:鉄道(30), 019:キャラクター(385)"
31-364-A,1214-94-9-1,鳥取県,三朝町,第２７弾,35.4093611111111,133.894333333333,"005:動物(75), 010:観光名所(263), 023:橋梁(60), 029:川(125)"
39-212-C,1215-58-13-3,高知県,香美市,第２７弾,33.6053333333333,133.683944444444,"001:花(518), 007:果物(64), 009:名物品(148), 019:キャラクター(386), 025:幾何学模様(67)"
40-231-B,1216-108-26-2,福岡県,那珂川市,第２７弾,33.5124722222222,130.421611111111,"011:鉄道(31), 012:乗物(94), 025:幾何学模様(68)"
42-321-A,1217-109-10-1,長崎県,東彼杵町,第２７弾,33.0375277777778,129.916916666667,"009:名物品(149), 010:観光名所(264), 011:鉄道(32), 027:海(132)"
43-100-K,1218-110-20-11,熊本県,熊本市,第２７弾,32.79925,130.70525,"009:名物品(150), 010:観光名所(265), 019:キャラクター(387), 022:お城(54)"
47-213-A,1219-111-16-1,沖縄県,うるま市,第２７弾,26.3693055555556,127.840388888889,"005:動物(76), 006:昆虫(21), 014:イベント(43), 015:スポーツ(59), 027:海(133)"
00-102-B,1220-3-3-2,,,第２７弾,35.7763055555556,139.716416666667,026:その他(34)
13-010-A,1221-327-93-1,東京都,都市づくり公社,第２７弾,35.6451388888889,139.355,019:キャラクター(388)
13-203-C,1222-328-94-3,東京都,武蔵野市,第２７弾,35.7036666666667,139.579805555556,012:乗物(95)
01-217-B,1223-73-73-2,北海道,江別市,第２８弾,43.0928055555556,141.529166666667,"002:木(273), 009:名物品(151), 029:川(126)"
01-520-A,1224-74-74-1,北海道,幌延町,第２８弾,45.0408333333333,141.861027777778,"001:花(519), 005:動物(77), 019:キャラクター(389)"
01-635-B,1225-75-75-2,北海道,新得町,第２８弾,43.08275,142.833222222222,"001:花(520), 011:鉄道(33)"
03-201-C,1226-118-24-3,岩手県,盛岡市,第２８弾,39.7492222222222,141.197388888889,"001:花(521), 015:スポーツ(60)"
04-202-B,1227-119-29-2,宮城県,石巻市,第２８弾,38.4307777777778,141.309527777778,"010:観光名所(266), 013:祭(59), 019:キャラクター(390), 029:川(127)"
04-406-B,1228-120-30-2,宮城県,利府町,第２８弾,38.3291111111111,140.976472222222,"011:鉄道(34), 015:スポーツ(61)"
07-204-E,1229-121-36-5,福島県,いわき市,第２８弾,37.05775,140.892055555556,"010:観光名所(267), 012:乗物(96), 015:スポーツ(62), 019:キャラクター(391), 027:海(134)"
07-504-A,1230-122-37-1,福島県,浅川町,第２８弾,37.081,140.412583333333,"001:花(522), 002:木(274), 003:鳥(150), 009:名物品(152), 011:鉄道(35), 014:イベント(44), 029:川(128)"
08-201-B,1231-329-40-2,茨城県,水戸市,第２８弾,36.3796944444444,140.464888888889,"010:観光名所(268), 019:キャラクター(392)"
08-227-B,1232-330-41-2,茨城県,筑西市,第２８弾,36.3049166666667,139.978666666667,"001:花(523), 008:野菜(36), 009:名物品(153), 010:観光名所(269), 019:キャラクター(393), 028:山(118), 030:湖・沼(39)"
09-208-B,1233-331-25-2,栃木県,小山市,第２８弾,36.31375,139.804055555556,"001:花(524), 002:木(275), 003:鳥(151), 005:動物(78), 008:野菜(37), 009:名物品(154), 011:鉄道(36), 029:川(129)"
09-210-B,1234-332-26-2,栃木県,大田原市,第２８弾,36.8621944444444,140.123583333333,"002:木(276), 019:キャラクター(394), 028:山(119), 029:川(130)"
09-211-A,1235-333-27-1,栃木県,矢板市,第２８弾,36.7867222222222,139.921888888889,"001:花(525), 002:木(277), 003:鳥(152), 028:山(120)"
10-206-B,1236-334-21-2,群馬県,沼田市,第２８弾,36.6709444444444,139.209638888889,"001:花(526), 010:観光名所(270), 023:橋梁(61), 029:川(131)"
13-100-O,1237-335-95-40,東京都,東京23区,第２８弾,35.6931388888889,139.763722222222,"001:花(527), 019:キャラクター(395)"
13-228-C,1238-336-96-3,東京都,あきる野市,第２８弾,35.73225,139.228888888889,"001:花(528), 002:木(278), 019:キャラクター(396)"
14-301-C,1239-337-45-3,神奈川県,葉山町,第２８弾,35.2739722222222,139.578055555556,"001:花(529), 010:観光名所(271), 012:乗物(97), 021:富士山(26), 027:海(135)"
15-206-D,1240-81-44-4,新潟県,新発田市,第２８弾,37.944,139.332,019:キャラクター(397)
15-224-H,1241-82-45-8,新潟県,佐渡市,第２８弾,38.0810833333333,138.435472222222,"004:魚(103), 025:幾何学模様(69), 027:海(136)"
16-201-I,1242-83-18-9,富山県,富山市,第２８弾,36.69575,137.21375,"014:イベント(45), 027:海(137), 028:山(121)"
17-461-B,1243-84-11-2,石川県,穴水町,第２８弾,37.2308888888889,136.912416666667,"001:花(530), 002:木(279)"
20-203-D,1244-197-47-4,長野県,上田市,第２８弾,36.4005555555556,138.253277777778,"001:花(531), 019:キャラクター(398)"
20-211-A,1245-198-48-1,長野県,中野市,第２８弾,36.7421944444444,138.368083333333,"001:花(532), 019:キャラクター(399)"
21-204-A,1246-199-28-1,岐阜県,多治見市,第２８弾,35.336,137.119833333333,"001:花(533), 009:名物品(155), 025:幾何学模様(70), 029:川(132)"
23-230-A,1247-202-61-1,愛知県,日進市,第２８弾,35.1453333333333,137.042194444444,"002:木(285), 010:観光名所(275), 022:お城(55)"
23-236-C,1248-200-60-3,愛知県,みよし市,第２８弾,35.0693055555556,137.09075,"007:果物(65), 019:キャラクター(400)"
24-204-F,1249-201-20-6,三重県,松阪市,第２８弾,34.5759444444444,136.534055555556,"002:木(280), 009:名物品(156), 019:キャラクター(401)"
25-201-C,1250-164-20-3,滋賀県,大津市,第２８弾,34.9996666666667,135.881194444444,"019:キャラクター(402), 030:湖・沼(40)"
27-226-C,1251-165-65-3,大阪府,藤井寺市,第２８弾,34.566,135.597055555556,"010:観光名所(272), 019:キャラクター(403), 031:世界遺産(22)"
29-205-C,1252-166-11-3,奈良県,橿原市,第２８弾,34.5123055555556,135.792222222222,019:キャラクター(404)
30-209-A,1253-167-5-1,和歌山県,岩出市,第２８弾,34.2547777777778,135.320972222222,"001:花(534), 002:木(281), 003:鳥(153), 025:幾何学模様(71)"
34-368-A,1254-95-25-1,広島県,安芸太田町,第２８弾,34.5996944444444,132.208444444444,"001:花(535), 002:木(282), 019:キャラクター(405), 028:山(122), 029:川(133)"
35-203-E,1255-96-22-5,山口県,山口市,第２８弾,34.0197222222222,131.433,"001:花(536), 027:海(138)"
35-207-C,1256-97-23-3,山口県,下松市,第２８弾,34.0259722222222,131.885888888889,"002:木(283), 019:キャラクター(406), 024:歴史的建造物(103)"
35-208-C,1257-98-24-3,山口県,岩国市,第２８弾,34.0327777777778,132.216888888889,"002:木(284), 010:観光名所(273), 019:キャラクター(407), 027:海(139)"
36-402-A,1258-59-9-1,徳島県,北島町,第２８弾,34.1255,134.546972222222,"001:花(537), 019:キャラクター(408)"
37-203-B,1259-60-18-2,香川県,坂出市,第２８弾,34.3138333333333,133.856444444444,"001:花(538), 003:鳥(154), 009:名物品(157), 027:海(140)"
38-214-B,1260-61-21-2,愛媛県,西予市,第２８弾,33.3786111111111,132.644805555556,"001:花(539), 014:イベント(46), 015:スポーツ(63)"
39-212-D,1261-62-14-4,高知県,香美市,第２８弾,33.6057777777778,133.685333333333,"007:果物(66), 009:名物品(158), 019:キャラクター(409)"
40-000-B,1262-112-27-2,福岡県,流域下水道,第２８弾,33.569,130.442944444444,"001:花(540), 003:鳥(155)"
41-203-A,1263-113-10-1,佐賀県,鳥栖市,第２８弾,33.3740555555556,130.517194444444,"010:観光名所(274), 015:スポーツ(64), 019:キャラクター(410)"
43-100-L,1264-114-21-12,熊本県,熊本市,第２８弾,32.7943888888889,130.740472222222,015:スポーツ(65)
44-209-A,1265-115-10-1,大分県,豊後高田市,第２８弾,33.559,131.439722222222,"012:乗物(98), 019:キャラクター(411)"
13-100-P,1266-355-101-43,東京都,東京23区,第２８弾,35.68925,139.691777777778,019:キャラクター(439)
01-215-A,1267-76-76-1,北海道,美唄市,第２９弾,43.3310833333333,141.861388888889,"003:鳥(156), 030:湖・沼(41)"
01-229-B,1268-77-77-2,北海道,富良野市,第２９弾,43.32075,142.376777777778,"015:スポーツ(66), 019:キャラクター(412)"
01-634-A,1269-78-78-1,北海道,鹿追町,第２９弾,43.0978611111111,142.988305555556,"004:魚(104), 005:動物(79), 010:観光名所(276), 019:キャラクター(413), 028:山(123), 030:湖・沼(42)"
01-693-A,1270-79-79-1,北海道,標津町,第２９弾,43.6613055555556,145.1315,001:花(541)
02-210-A,1271-123-10-1,青森県,平川市,第２９弾,40.6160555555556,140.56475,"010:観光名所(277), 013:祭(60), 024:歴史的建造物(104)"
03-441-A,1272-124-25-1,岩手県,住田町,第２９弾,39.1422777777778,141.574444444444,"010:観光名所(278), 019:キャラクター(414)"
06-210-B,1273-125-16-2,山形県,天童市,第２９弾,38.3600833333333,140.369944444444,"001:花(542), 007:果物(67), 009:名物品(159), 019:キャラクター(415), 028:山(124), 029:川(134)"
08-203-J,1274-338-42-10,茨城県,土浦市,第２９弾,36.0853611111111,140.198611111111,"012:乗物(99), 019:キャラクター(416), 030:湖・沼(43)"
08-219-B,1275-339-43-2,茨城県,牛久市,第２９弾,35.9760833333333,140.142277777778,"010:観光名所(279), 019:キャラクター(417), 024:歴史的建造物(105)"
09-204-B,1276-340-28-2,栃木県,佐野市,第２９弾,36.31375,139.578666666667,"015:スポーツ(67), 019:キャラクター(418)"
09-215-C,1277-341-29-3,栃木県,那須烏山市,第２９弾,36.6506388888889,140.154861111111,"010:観光名所(280), 011:鉄道(37), 024:歴史的建造物(106)"
09-216-B,1278-342-30-2,栃木県,下野市,第２９弾,36.3969722222222,139.883694444444,"018:おとぎ話(32), 025:幾何学模様(72)"
09-411-A,1279-343-31-1,栃木県,那珂川町,第２９弾,36.7362777777778,140.173111111111,"001:花(543), 002:木(286), 003:鳥(157), 004:魚(105), 019:キャラクター(419)"
11-210-C,1280-344-69-3,埼玉県,加須市,第２９弾,36.1442222222222,139.695333333333,"001:花(544), 007:果物(68), 008:野菜(38), 009:名物品(160)"
11-222-D,1281-345-70-4,埼玉県,越谷市,第２９弾,35.87525,139.790888888889,"008:野菜(39), 013:祭(61), 019:キャラクター(420)"
11-245-B,1282-346-71-2,埼玉県,ふじみ野市,第２９弾,35.8732222222222,139.512027777778,019:キャラクター(421)
12-100-C,1283-347-40-3,千葉県,千葉市,第２９弾,35.6173888888889,140.066527777778,"019:キャラクター(422), 027:海(141)"
12-205-C,1284-348-41-3,千葉県,館山市,第２９弾,34.99625,139.858444444444,"001:花(545), 002:木(287), 022:お城(56), 027:海(142)"
12-423-C,1285-349-42-3,千葉県,長生村,第２９弾,35.4034166666667,140.3455,"019:キャラクター(423), 025:幾何学模様(73)"
13-100-Q,1286-350-97-41,東京都,東京23区,第２９弾,35.7422777777778,139.88825,026:その他(35)
13-100-R,1287-351-98-42,東京都,東京23区,第２９弾,35.7082777777778,139.663555555556,"001:花(546), 005:動物(80), 019:キャラクター(424)"
13-204-B,1288-352-99-2,東京都,三鷹市,第２９弾,35.7021388888889,139.561138888889,019:キャラクター(425)
13-229-A,1289-353-100-1,東京都,西東京市,第２９弾,35.7286666666667,139.539805555556,"012:乗物(100), 019:キャラクター(426)"
14-218-B,1290-354-46-2,神奈川県,綾瀬市,第２９弾,35.4366388888889,139.427805555556,011:鉄道(38)
15-202-G,1291-85-46-7,新潟県,長岡市,第２９弾,37.44825,138.848666666667,"005:動物(81), 006:昆虫(22), 019:キャラクター(427), 023:橋梁(62), 024:歴史的建造物(107), 029:川(135)"
15-213-E,1292-86-47-5,新潟県,燕市,第２９弾,37.67375,138.882,"001:花(547), 003:鳥(158), 008:野菜(40), 009:名物品(161), 010:観光名所(281), 029:川(136)"
15-224-I,1293-87-48-9,新潟県,佐渡市,第２９弾,38.0031666666667,138.32325,"003:鳥(159), 014:イベント(47), 015:スポーツ(68), 015:スポーツ(69), 027:海(143)"
20-218-D,1294-203-49-4,長野県,千曲市,第２９弾,36.4785555555556,138.144833333333,"015:スポーツ(70), 019:キャラクター(428)"
20-321-B,1295-204-50-2,長野県,軽井沢町,第２９弾,36.3396111111111,138.544722222222,"005:動物(82), 013:祭(62), 019:キャラクター(429)"
21-206-B,1296-205-29-2,岐阜県,中津川市,第２９弾,35.5001111111111,137.503388888889,"009:名物品(162), 019:キャラクター(430), 028:山(125)"
21-505-A,1297-206-30-1,岐阜県,八百津町,第２９弾,35.4721666666667,137.140138888889,"001:花(548), 002:木(288), 010:観光名所(282), 019:キャラクター(431), 023:橋梁(63), 029:川(137)"
22-210-C,1298-207-31-3,静岡県,富士市,第２９弾,35.1616666666667,138.67525,"002:木(289), 018:おとぎ話(33), 021:富士山(27), 031:世界遺産(23)"
22-221-B,1299-208-32-2,静岡県,湖西市,第２９弾,34.7168611111111,137.545583333333,"019:キャラクター(432), 030:湖・沼(44)"
25-209-C,1300-168-21-3,滋賀県,甲賀市,第２９弾,34.9196111111111,136.170027777778,"001:花(549), 002:木(290)"
26-344-B,1301-169-24-2,京都府,宇治田原町,第２９弾,34.8449166666667,135.86775,"002:木(291), 009:名物品(163)"
27-218-B,1302-170-66-2,大阪府,大東市,第２９弾,34.7118611111111,135.623916666667,"001:花(550), 010:観光名所(283), 019:キャラクター(433), 024:歴史的建造物(108)"
28-100-D,1303-171-44-4,兵庫県,神戸市,第２９弾,34.688,135.185222222222,"010:観光名所(284), 012:乗物(101), 024:歴史的建造物(109)"
33-216-A,1304-99-28-1,岡山県,浅口市,第２９弾,34.4736666666667,133.592277777778,"002:木(292), 027:海(144)"
34-212-C,1305-100-26-3,広島県,東広島市,第２９弾,34.4302222222222,132.744,"008:野菜(41), 009:名物品(164), 010:観光名所(285), 019:キャラクター(434), 024:歴史的建造物(110)"
35-211-A,1306-101-25-1,山口県,長門市,第２９弾,34.3874166666667,131.202333333333,"002:木(293), 010:観光名所(286), 012:乗物(102), 027:海(145)"
39-212-E,1307-63-15-5,高知県,香美市,第２９弾,33.60625,133.686916666667,019:キャラクター(435)
40-204-A,1308-116-28-1,福岡県,直方市,第２９弾,33.7486666666667,130.725222222222,"001:花(551), 005:動物(83), 006:昆虫(23), 009:名物品(165)"
40-215-A,1309-117-29-1,福岡県,中間市,第２９弾,33.816,130.708666666667,"001:花(552), 008:野菜(42), 010:観光名所(287), 019:キャラクター(436), 024:歴史的建造物(111), 029:川(138), 031:世界遺産(24)"
43-443-B,1310-118-22-2,熊本県,益城町,第２９弾,32.78175,130.797027777778,"001:花(553), 002:木(294), 008:野菜(43), 010:観光名所(288), 019:キャラクター(437), 028:山(126), 029:川(139)"
46-215-B,1311-119-18-2,鹿児島県,薩摩川内市,第２９弾,31.7020833333333,129.737972222222,"014:イベント(48), 025:幾何学模様(74)"
47-214-A,1312-120-17-1,沖縄県,宮古島市,第２９弾,24.8037222222222,125.279194444444,"003:鳥(160), 004:魚(106), 007:果物(69), 008:野菜(44), 009:名物品(166), 010:観光名所(289), 019:キャラクター(438), 023:橋梁(64), 027:海(146)"
